GID,UNIPROT
fpoB:MM_2490,F1SVH7
MM_2582,Q8PTX6
fpoF:MM_0627,Q8PZ67
fpoK:MM_2483,F1SVE0
fpoO:MM_2479,F1SVE1
fpoD:MM_2488,F1SVE4
fpoM:MM_2481,F1SVH9
fpoL:MM_2482,F1SVK0
fpoC:MM_2489,F1SVL1
fpoN:MM_2480,F1SVL2
mtrA:MM_1543,O59640
ackA:ack:MM_0495,P0CW05
mtrF:MM_1542,P80654
cdhA1:MM_2089,Q49161
cdhA2:MM_0684,Q49163
atpA:ahaA:MM_0780,Q60186
thrS:MM_3304,Q8PRY4
fpoA:MM_2491,Q8PU58
fpoH:MM_2487,Q8PU59
fpoI:MM_2486,Q8PU60
fpoJ:MM_2485,Q8PU61
coaBC:MM_2283,Q8PUP9
dadD:MM_2279,Q8PUQ3
nnrE:nnrD:MM_2208,Q8PUX0
hdrD:MM_1844,Q8PVW3
glnA1:MM_0964,Q8PY99
glnK1:MM_0732,Q8PYW7
hppA1:MM_0700,Q8PYZ8
MM_0603,Q8PZ91
MM_0602,Q8PZ92
argJ:MM_0474,Q8PZL8
pyrG:MM_0118,Q8Q0L8
mtrC:MM_1545,O59638
dnaJ:MM_2504,P0CW07
grpE:MM_2506,P0CW11
carB:MM_0038,P58944
aksA:MM_2785,P58967
mtmB1:MM_1436/MM_1437:mtmB2:MM_3335/MM_3336,P58969
mttB1:MM_1688/MM_1689,P58973
mttB2:MM_2048/MM_2049,P58974
mtmC1:MM_1438,P58977
mtbA:MM_1439,P58984
pyrH:MM_1611,P59010
rpo12:rpoP:MM_2626,P61934
mtrE:MM_1547,P80651
nan,P80652
mtrD:MM_1546,P80653
mtrB:MM_1544,P80655
mtrG:MM_1541,P80656
atpE:ahaE:MM_0783,Q60183
atpC:ahaC:MM_0782,Q60184
atpF:ahaF:MM_0781,Q60185
atpB:ahaB:MM_0779,Q60187
atpD:ahaD:MM_0778,Q60188
uvrA:MM_3291,Q8PRZ7
uvrB:MM_3289,Q8PRZ9
thiE:MM_3235,Q8PS49
thiM:MM_3234,Q8PS50
hcp:MM_3213,Q8PS69
taw2:MM_3150,Q8PSC9
lon:MM_3118,Q8PSG1
topA:MM_3076,Q8PSK3
gpmA:MM_2993,Q8PST3
mptE:MM_2968,Q8PSV8
ileS:MM_2967,Q8PSV9
purP2:MM_2913,Q8PT10
serC:MM_2911,Q8PT12
dbh2:MM_2876,Q8PT42
eno:MM_2836,Q8PT81
rnhB:MM_2814,Q8PTA3
pheT:MM_2812,Q8PTA5
purQ:MM_2807,Q8PTB0
purS:MM_2806,Q8PTB1
mobA:MM_2793,Q8PTC3
nadK:MM_2784,Q8PTD1
gap:MM_2782,Q8PTD3
lig2:MM_2714,Q8PTK1
rpl37ae:MM_2625,Q8PTT6
rsgA:MM_2561,Q8PTZ6
rsmA:ksgA:MM_2539,Q8PU18
thiI:MM_2517,Q8PU39
MM_2499,Q8PU50
cofH2:MM_2496,Q8PU53
cofH1:MM_2495,Q8PU54
cofG:MM_2494,Q8PU55
rpl7ae:MM_2467,Q8PU74
ndk:MM_2464,Q8PU77
pdxT:MM_2433,Q8PUA4
pdxS:MM_2432,Q8PUA5
mtsA:MM_2427,Q8PUA8
gyrA:MM_2420,Q8PUB5
gyrB:MM_2419,Q8PUB6
top6A:MM_2418,Q8PUB7
top6B:MM_2417,Q8PUB8
MM_2379,Q8PUF5
leuC:MM_2373,Q8PUG1
aroK:MM_2362,Q8PUH2
gatD:MM_2306,Q8PUM7
cooS2:MM_2301,Q8PUN1
rlmE:rrmJ:MM_2288,Q8PUP4
MM_2281,Q8PUQ1
rpo5:rpoH:MM_2274,Q8PUQ8
rpo1N:rpoA1:MM_2271,Q8PUR1
MM_2224,Q8PUV4
moaC:MM_2206,Q8PUX2
prs:MM_2205,Q8PUX3
mre11:MM_2193,Q8PUY5
rpo3:rpoD:MM_2158,Q8PV16
truB:MM_2154,Q8PV20
cmk:MM_2153,Q8PV21
adk:MM_2148,Q8PV26
iorA:MM_2093,Q8PV81
cdhC2:MM_2087,Q8PV85
cdhE2:MM_2084,Q8PV87
pyrF:MM_2083,Q8PV88
MM_2077,Q8PV94
MM_2075,Q8PV96
nadA:MM_2073,Q8PV98
nadX:MM_2072,Q8PV99
cobS:MM_2057,Q8PVB4
hisH:MM_2030,Q8PVD5
hisI:MM_2019,Q8PVE6
pstB:MM_2009,Q8PVF6
MM_1976,Q8PVI7
nrpRII:MM_1969,Q8PVJ4
tyrS:MM_1963,Q8PVK0
lysS2:MM_1916,Q8PVP6
MM_1910,Q8PVQ2
lig1:MM_1895,Q8PVR7
lysA:MM_1885,Q8PVS6
rpo11:rpoL:MM_1880,Q8PVT0
hpt:MM_1876,Q8PVT4
cofD:MM_1874,Q8PVT6
dmrX:MM_1854,Q8PVV3
hdrE:MM_1843,Q8PVW4
rpl44e:MM_1809,Q8PVZ6
groEL:groL:MM_1798,Q8PW06
fni:MM_1764,Q8PW37
mvk:MM_1762,Q8PW39
rpo10:rpoN:MM_1758,Q8PW43
pyrK:MM_1746,Q8PW55
pyrD:MM_1745,Q8PW56
hemC:MM_1744,Q8PW57
hemA:MM_1741,Q8PW60
aroC:MM_1712,Q8PW84
ribB:MM_1710,Q8PW86
ribK:MM_1709,Q8PW87
nrpA:MM_1708,Q8PW88
hisF:MM_1704,Q8PW92
MM_1685,Q8PWA5
aroA:MM_1627,Q8PWG2
MM_1618,Q8PWG9
rnp4:MM_1556,Q8PWM8
hisG:MM_1503,Q8PWS3
mat:MM_1502,Q8PWS4
map:MM_1499,Q8PWS7
truA:MM_1495,Q8PWT1
purP1:MM_1493,Q8PWT3
alaS:MM_1486,Q8PWU0
pheS:MM_1470,Q8PWV6
pylS:MM_1445,Q8PWY1
pylC:MM_1443,Q8PWY3
ppa:MM_1441,Q8PWY5
cofE:MM_1421,Q8PX01
purM:MM_1416,Q8PX06
argD:MM_1406,Q8PX16
mptD:MM_1404,Q8PX18
asd:MM_1402,Q8PX20
cbiA:cfbB:MM_1394,Q8PX28
moaA:MM_1393,Q8PX29
sepS:MM_1383,Q8PX39
ppk:MM_1375,Q8PX47
thiL:MM_1365,Q8PX57
taw1:MM_1346,Q8PX76
polB:MM_1345,Q8PX77
cheB2:MM_1326,Q8PX96
mfnA:MM_1317,Q8PXA5
dnaG:MM_1295,Q8PXC6
nth:MM_1280,Q8PXE0
fae-hps:MM_1279,Q8PXE1
tpiA:MM_1278,Q8PXE2
aroE:MM_1274,Q8PXE6
aroD:MM_1273,Q8PXE7
aroA:MM_1271,Q8PXE9
rbcL:MM_1249,Q8PXG9
polC:MM_1246,Q8PXH2
MM_1240,Q8PXH8
aroA:MM_1238,Q8PXI0
argB:MM_1220,Q8PXJ8
dapB:MM_1202,Q8PXL6
dapA:MM_1201,Q8PXL7
MM_1166,Q8PXQ0
tgtA:MM_1101,Q8PXW5
nrpRI:MM_1085,Q8PXY1
ilvE:MM_1045,Q8PY21
smc:MM_1031,Q8PY33
thiC2:MM_1025,Q8PY39
ogt:MM_1020,Q8PY44
pan:MM_1006,Q8PY58
hdrB:MM_0980,Q8PY83
hdrC:MM_0979,Q8PY84
MM_0943,Q8PYC0
ablA:MM_0934,Q8PYC9
fen:MM_0906,Q8PYF6
gpmI:MM_0904,Q8PYF8
nth:MM_0895,Q8PYG7
dbh1:MM_0886,Q8PYH6
metG:MM_0867,Q8PYJ4
serS:MM_0865,Q8PYJ6
purL:MM_0860,Q8PYK1
proB:MM_0818,Q8PYP3
MM_0814,Q8PYP6
purA:MM_0801,Q8PYQ9
MM_0789,Q8PYS1
queE:MM_0755,Q8PYU6
queC:MM_0753,Q8PYU8
nifH:MM_0719,Q8PYY0
hppA2:MM_0701,Q8PYZ7
psmB:MM_0694,Q8PZ04
cdhE1:MM_0689,Q8PZ09
cdhC1:MM_0686,Q8PZ11
MM_0669,Q8PZ25
ilvC:MM_0668,Q8PZ26
fcl:MM_0658,Q8PZ36
hacB:MM_0645,Q8PZ49
mer:MM_0628,Q8PZ66
uppS:MM_0618,Q8PZ76
rpo7:rpoE:MM_0596,Q8PZ98
eif2g:MM_0594,Q8PZA0
egsA:MM_0590,Q8PZA4
cbiX:cfbA:MM_0517,Q8PZH6
cbiA:cfbB:MM_0513,Q8PZI0
argC:MM_0476,Q8PZL6
pfkC:MM_0473,Q8PZL9
cca:MM_0469,Q8PZM3
nadE:MM_0446,Q8PZP6
glyA:MM_0442,Q8PZQ0
folD:MM_0441,Q8PZQ1
hel308:MM_0425,Q8PZR7
hisD:MM_0424,Q8PZR8
hacA:MM_0409,Q8PZT3
purF:MM_0341,Q8PZZ7
cheB1:MM_0329,Q8Q009
valS:MM_0314,Q8Q024
rnz:MM_0306,Q8Q032
glmM:MM_0301,Q8Q037
glmS:MM_0300,Q8Q038
ilvD:MM_0259,Q8Q078
ribL:MM_0242,Q8Q095
alaXM:alaX:MM_0233,Q8Q0A4
thi4:MM_0222,Q8Q0B5
thiC1:MM_0182,Q8Q0F4
argF:MM_0145,Q8Q0J1
purD:MM_0144,Q8Q0J2
MM_0128,Q8Q0K8
cooS1:MM_0121,Q8Q0L5
truD:MM_0114,Q8Q0M2
mptN:MM_0111,Q8Q0M5
iscS:MM_0109,Q8Q0M7
MM_0087,Q8Q0P9
aspS:MM_0074,Q8Q0R2
rpiA:MM_0073,Q8Q0R3
hdrA:MM_0056,Q8Q0T0
carA:MM_0039,Q8Q0U4
argG:MM_0037,Q8Q0U5
otaA:MM_0040,F1SVE9
vhtA:MM_2170,F1SVF8
atpI:ahaI:MM_0785,O59659
flpA:fibM:MM_1594,P0CW09
dnaK:MM_2505,P0CW13
tfb:MM_1772,P0CW15
trkA1:trkA:MM_2503,P0CW17
pdaD1:MM_0286,P58889
pdaD2:MM_2595,P58890
trkA2:trkA:MM_2501,P58936
cimA:MM_0671,P58966
leuA:MM_1284,P58968
mtbB1:MM_2050/MM_2051,P58970
mtbB2:MM_2962/MM_2963,P58971
mtbB3:MM_1693/MM_1694,P58972
mtmC2:MM_3334,P58978
mtbC1:MM_2052,P58979
mtbC2:MM_2961,P58980
mtbC3:MM_1687,P58981
mttC1:MM_1690,P58982
mttC2:MM_2047,P58983
rps10:MM_2263,P61930
rps27e:MM_1808,P61932
mtrH:MM_1540,P80650
cdhB1:MM_2088,Q49162
cdhB2:MM_0685,Q49164
atpG:ahaG:MM_0777.1,Q60189
cdhD1:MM_0688:cdhD2:MM_2085,Q8PRQ5
nirH:MM_1728:MM_1739,Q8PRR0
MM_3326,Q8PRW2
trpF2:MM_3314,Q8PRX4
uvrC:MM_3290,Q8PRZ8
MM_3283,Q8PS05
MM_3270,Q8PS18
cas1:MM_3249,Q8PS38
ppcA:MM_3212,Q8PS70
dtdA:MM_3190,Q8PS92
MM_3141,Q8PSD8
htpX2:MM_3134,Q8PSE5
pncB:MM_3086,Q8PSJ3
MM_3081,Q8PSJ8
MM_3074,Q8PSK5
MM_3045,Q8PSN4
MM_3016,Q8PSR0
MM_3000,Q8PSS6
MM_2976,Q8PSV0
MM_2965,Q8PSW1
MM_2955,Q8PSW8
ade:MM_2910,Q8PT13
MM_2830,Q8PT87
trpC:MM_2823,Q8PT94
trpB1:MM_2822,Q8PT95
trpA:MM_2821,Q8PT96
trpD:MM_2820,Q8PT97
trpF1:MM_2819,Q8PT98
trpE:MM_2818,Q8PT99
MM_2805,Q8PTB2
MM_2791,Q8PTC5
MM_2788,Q8PTC8
MM_2777,Q8PTD8
MM_2740,Q8PTH5
MM_2733,Q8PTI2
marC:MM_2731,Q8PTI4
MM_2723,Q8PTJ2
engB:MM_2715,Q8PTK0
MM_2713,Q8PTK2
MM_2705,Q8PTL0
MM_2675,Q8PTN8
MM_2657,Q8PTQ6
MM_2656,Q8PTQ7
mch:MM_2653,Q8PTR0
MM_2645,Q8PTR7
corA:MM_2640,Q8PTS2
MM_2634,Q8PTS8
MM_2629,Q8PTT3
rrp42:MM_2624,Q8PTT7
rrp41:MM_2623,Q8PTT8
rrp4:MM_2622,Q8PTT9
psmA:MM_2620,Q8PTU1
rnp2:MM_2619,Q8PTU2
rnp3:MM_2618,Q8PTU3
rpl15e:MM_2616,Q8PTU5
tat:tatC:MM_2586,Q8PTX2
tatC:MM_2585,Q8PTX3
tatA:MM_2583,Q8PTX5
MM_2557,Q8PU00
MM_2542,Q8PU15
MM_2541,Q8PU16
MM_2540,Q8PU17
rpo4:rpoF:MM_2537,Q8PU20
rpl21e:MM_2536,Q8PU21
pus10:MM_2535,Q8PU22
trmY:MM_2534,Q8PU23
trm1:MM_2528,Q8PU28
ef1b:MM_2514,Q8PU42
cofC:MM_2497,Q8PU52
rps28e:MM_2466,Q8PU75
rpl24e:MM_2465,Q8PU76
infB:MM_2463,Q8PU78
rps6e:MM_2462,Q8PU79
mtsB:MM_2428,Q8PUA7
MM_2423,Q8PUB2
msrA:MM_2399,Q8PUD6
MM_2387,Q8PUE7
hisE:MM_2372,Q8PUG2
dphB:MM_2355,Q8PUH9
EIF-1A:eif1a:MM_2339,Q8PUJ5
eIF1A2:MM_2336,Q8PUJ8
MM_2328,Q8PUK6
eche:MM_2324,Q8PUL0
hypA:MM_2317,Q8PUL7
vhoG:MM_2314,Q8PUM0
vhoA:MM_2313,Q8PUM1
argH:MM_2307,Q8PUM6
MM_2294,Q8PUN8
MM_2292,Q8PUP0
MM_2282,Q8PUQ0
MM_2278,Q8PUQ4
MM_2273,Q8PUQ9
MM_2272,Q8PUR0
rpo1C:rpoA2:MM_2270,Q8PUR2
rpl30e:MM_2269,Q8PUR3
nusA:MM_2268,Q8PUR4
rps12:MM_2267,Q8PUR5
rps7:MM_2266,Q8PUR6
fusA:MM_2265,Q8PUR7
tuf:MM_2264,Q8PUR8
MM_2243,Q8PUT8
MM_2216,Q8PUW2
MM_2210,Q8PUW8
MM_2204,Q8PUX4
MM_2198,Q8PUY0
rad50:MM_2194,Q8PUY4
tbp3:MM_2184,Q8PUZ4
MM_2182,Q8PUZ6
MM_2175,Q8PV03
vhtG:MM_2169,Q8PV06
rps11:MM_2157,Q8PV17
rps4:MM_2156,Q8PV18
rps13:MM_2155,Q8PV19
purE:MM_2149,Q8PV25
secY:MM_2147,Q8PV27
rpl15:MM_2146,Q8PV28
rpl30:MM_2145,Q8PV29
rps5:MM_2144,Q8PV30
rpl18:MM_2143,Q8PV31
rpl19e:MM_2142,Q8PV32
rpl32e:MM_2141,Q8PV33
rpl6:MM_2140,Q8PV34
rps8:MM_2139,Q8PV35
rps14:MM_2138,Q8PV36
rpl5:MM_2137,Q8PV37
rps4e:MM_2136,Q8PV38
rpl24:MM_2135,Q8PV39
rpl14:MM_2134,Q8PV40
rps17:MM_2133,Q8PV41
rnp1:MM_2132,Q8PV42
rpl29:MM_2131,Q8PV43
rps3:MM_2130,Q8PV44
rpl22:MM_2129,Q8PV45
rps19:MM_2128,Q8PV46
rpl2:MM_2127,Q8PV47
rpl23:MM_2126,Q8PV48
rpl4:MM_2125,Q8PV49
rpl3:MM_2124,Q8PV50
iorB:MM_2094,Q8PV80
dys1:MM_2082,Q8PV89
MM_2070,Q8PVA1
rps15:MM_2066,Q8PVA5
hisS:MM_2061,Q8PVB0
MM_2060,Q8PVB1
cobD:MM_2059,Q8PVB2
rps8e:MM_2039,Q8PVC6
nac:MM_2015,Q8PVF0
eIF1A1:MM_2014,Q8PVF1
MM_2013,Q8PVF2
pyrC:MM_2011,Q8PVF4
phoU:MM_2010,Q8PVF5
pstC:MM_2006,Q8PVF9
MM_2004,Q8PVG1
MM_1996,Q8PVG9
MM_1980,Q8PVI3
MM_1978,Q8PVI5
MM_1974,Q8PVI9
MM_1968,Q8PVJ5
mdh:MM_1966,Q8PVJ7
MM_1964,Q8PVJ9
MM_1950,Q8PVL3
MM_1913,Q8PVP9
cysS:MM_1911,Q8PVQ1
MM_1894,Q8PVR8
MM_1881,Q8PVS9
csl4:MM_1879,Q8PVT1
dph2:MM_1877,Q8PVT3
vdcB:ubiX:MM_1871,Q8PVT9
MM_1836,Q8PVX1
rfcS:MM_1821,Q8PVY4
MM_1820,Q8PVY5
dacZ:MM_1818,Q8PVY7
pelA:MM_1815,Q8PVZ0
priS:priA:MM_1811,Q8PVZ4
MM_1800,Q8PW04
groES:groS:MM_1797,Q8PW07
MM_1770,Q8PW31
MM_1767,Q8PW34
rnj:MM_1766,Q8PW35
MM_1763,Q8PW38
rps2:MM_1760,Q8PW41
rpo6:rpoK:MM_1759,Q8PW42
rps9:MM_1757,Q8PW44
rpl13:MM_1756,Q8PW45
rpl18e:MM_1755,Q8PW46
MM_1753,Q8PW48
gltX:MM_1749,Q8PW52
hemL:MM_1743,Q8PW58
MM_1742,Q8PW59
MM_1740,Q8PW61
nirD:MM_1727,Q8PW69
pcm:MM_1706,Q8PW90
MM_1699,Q8PW97
lysS1:lysS:MM_1696,Q8PWA0
mutS:MM_1683,Q8PWA7
mutL:MM_1682,Q8PWA8
cbiD:MM_1681,Q8PWA9
MM_1661,Q8PWC8
mgtE:MM_1660,Q8PWC9
msrB:MM_1634,Q8PWF5
dut:MM_1628,Q8PWG1
MM_1606,Q8PWI0
MM_1592,Q8PWJ3
MM_1577,Q8PWK8
fmdB:MM_1569,Q8PWL5
fmdC:MM_1567,Q8PWL7
srp19:MM_1557,Q8PWM7
rtcB:MM_1538,Q8PWN8
MM_1537,Q8PWN9
MM_1535,Q8PWP1
MM_1527,Q8PWP9
MM_1521,Q8PWQ5
nifS:MM_1517,Q8PWQ9
fdhD:MM_1506,Q8PWS0
hisB:MM_1505,Q8PWS1
hisA:MM_1504,Q8PWS2
leuD:MM_1490,Q8PWT6
rpl10e:MM_1476,Q8PWV0
eif2b:MM_1475,Q8PWV1
trpS:MM_1471,Q8PWV5
secD:MM_1425,Q8PWZ7
secF:MM_1424,Q8PWZ8
apgM:MM_1418,Q8PX04
MM_1417,Q8PX05
hisC:MM_1405,Q8PX17
MM_1401,Q8PX21
MM_1398,Q8PX24
pcn:MM_1397,Q8PX25
priL:priB:MM_1396,Q8PX26
surE:MM_1391,Q8PX31
MM_1388,Q8PX34
cdc6-2:MM_1378,Q8PX44
mutS:mutS2:MM_1374,Q8PX48
secG:MM_1372,Q8PX50
MM_1371,Q8PX51
radB:MM_1369,Q8PX53
argS:MM_1348,Q8PX74
prf1:MM_1347,Q8PX75
cheA:MM_1325,Q8PX97
cheD2:MM_1322,Q8PXA0
ftr:MM_1321,Q8PXA1
MM_1318,Q8PXA4
cdc6-1:MM_1314,Q8PXA8
kptA:MM_1298,Q8PXC3
rtcA:MM_1297,Q8PXC4
MM_1287,Q8PXD4
aroB:MM_1272,Q8PXE8
guaAA:MM_1270,Q8PXF0
srp54:MM_1267,Q8PXF3
MM_1248,Q8PXH0
MM_1244,Q8PXH4
MM_1241,Q8PXH7
thyA:MM_1237,Q8PXI1
htpX1:MM_1236,Q8PXI2
gatB:MM_1228,Q8PXJ0
gatA:MM_1227,Q8PXJ1
gatC:MM_1226,Q8PXJ2
mptA:MM_1222,Q8PXJ6
guaAB:MM_1218,Q8PXK0
recQ:MM_1217,Q8PXK1
pyrB:MM_1213,Q8PXK5
pyrI:MM_1212,Q8PXK6
rps17e:MM_1200,Q8PXL8
MM_1172,Q8PXP4
MM_1169,Q8PXP7
MM_1159,Q8PXQ7
MM_1154,Q8PXR2
MM_1133,Q8PXT3
MM_1132,Q8PXT4
mfnB:MM_1114,Q8PXV2
tmk:MM_1111,Q8PXV5
mtd:MM_1108,Q8PXV8
MM_1107,Q8PXV9
mtaA:MM_1070,Q8PXZ6
MM_1038,Q8PY26
MM_1037,Q8PY27
tbp2:MM_1028,Q8PY36
tbp1:MM_1027,Q8PY37
rpl12:MM_1014,Q8PY50
rpl10:rplP0:MM_1013,Q8PY51
rpl1:MM_1012,Q8PY52
rpl11:MM_1011,Q8PY53
spt5:MM_1010,Q8PY54
secE:MM_1009,Q8PY55
ftsZ:MM_1008,Q8PY56
cbiT:MM_1000,Q8PY64
MM_0990,Q8PY74
MM_0967,Q8PY96
MM_0941,Q8PYC2
ablB:MM_0935,Q8PYC8
eif5a:MM_0922,Q8PYE0
MM_0921,Q8PYE1
MM_0905,Q8PYF7
MM_0898,Q8PYG4
MM_0887,Q8PYH5
MM_0856,Q8PYK5
purC:MM_0855,Q8PYK6
MM_0852,Q8PYK9
MM_0842,Q8PYL9
crcB2:MM_0829,Q8PYN2
crcB1:MM_0828,Q8PYN3
MM_0826,Q8PYN5
MM_0821,Q8PYP0
proA:MM_0819,Q8PYP2
proC:MM_0817,Q8PYP4
ftsY:MM_0810,Q8PYQ0
pfdA:MM_0809,Q8PYQ1
rpl18a:rpl20e:rplX:MM_0808,Q8PYQ2
eif6:MM_0807,Q8PYQ3
rpl31e:MM_0806,Q8PYQ4
rpl39e:MM_0805,Q8PYQ5
rps19e:MM_0802,Q8PYQ8
MM_0798,Q8PYR2
hypF:MM_0777,Q8PYS5
MM_0747,Q8PYV4
nifE:MM_0724,Q8PYX5
MM_0723,Q8PYX6
MM_0722,Q8PYX7
MM_0715,Q8PYY4
proS:MM_0707,Q8PYZ1
ftsZ:MM_0697,Q8PZ01
tfe:MM_0692,Q8PZ06
pfdB:MM_0674,Q8PZ21
MM_0670,Q8PZ24
MM_0666,Q8PZ28
MM_0661,Q8PZ33
MM_0660,Q8PZ34
gmd:MM_0659,Q8PZ35
MM_0647,Q8PZ47
MM_0646,Q8PZ48
mntP:MM_0643,Q8PZ51
MM_0639,Q8PZ55
MM_0626,Q8PZ68
MM_0625,Q8PZ69
MM_0612,Q8PZ82
rps27ae:MM_0600,Q8PZ94
rps24e:MM_0599,Q8PZ95
MM_0598,Q8PZ96
spt4:MM_0597,Q8PZ97
phoU:MM_0576,Q8PZB8
MM_0561,Q8PZD3
cas1:MM_0559,Q8PZD5
cas2:MM_0558,Q8PZD6
MM_0557,Q8PZD7
endA:MM_0512,Q8PZI1
hflX:MM_0510,Q8PZI3
MM_0486,Q8PZK6
pgk:MM_0485,Q8PZK7
MM_0468,Q8PZM4
cbiM:MM_0465,Q8PZM7
cbiN:MM_0464,Q8PZM8
MM_0462,Q8PZN0
coaD:MM_0458,Q8PZN4
radA:MM_0457,Q8PZN5
MM_0456,Q8PZN6
tiaS:MM_0445,Q8PZP7
MM_0444,Q8PZP8
MM_0431,Q8PZR1
MM_0429,Q8PZR3
MM_0418,Q8PZS4
MM_0387,Q8PZV2
MM_0357,Q8PZY2
rpl37e:MM_0340,Q8PZZ8
trpB2:MM_0337,Q8Q001
MM_0335,Q8Q003
cheA:MM_0328,Q8Q010
cheD1:MM_0326,Q8Q012
MM_0323,Q8Q015
MM_0322,Q8Q016
MM_0302,Q8Q036
MM_0299,Q8Q039
dys2:MM_0287,Q8Q051
leuS:MM_0283,Q8Q054
MM_0282,Q8Q055
mtxH:MM_0256,Q8Q081
mtxA:MM_0255,Q8Q082
mtxX:MM_0254,Q8Q083
rfcL:MM_0253,Q8Q084
MM_0245,Q8Q092
ribH:MM_0244,Q8Q093
MM_0201,Q8Q0D6
MM_0190,Q8Q0E6
rps3ae:MM_0184,Q8Q0F2
MM_0183,Q8Q0F3
cbiZ:MM_0173,Q8Q0G3
pyrE:MM_0142,Q8Q0J4
carS:MM_0141,Q8Q0J5
MM_0133,Q8Q0K3
pth:MM_0112,Q8Q0M4
ala:MM_0097,Q8Q0N9
cobQ:MM_0093,Q8Q0P3
MM_0086,Q8Q0Q0
MM_0059,Q8Q0S7
MM_0057,Q8Q0S9
gatE:MM_0050,Q8Q0T5
MM_0028,Q8Q0V3
MM_1855,F1SVG1
vhtC:MM_2171,F1SVH0
MM_1857,F1SVI2
vhoC:MM_2312,F1SVI5
otaC:MM_0042,F1SVJ0
vhtD:MM_2172,F1SVJ3
MM_0784,F1SVJ4
MM_1856,F1SVJ8
MM_0393,P61936
MM_1192:MM_3027,Q8PRP6
MM_0815:MM_0982:MM_1735,Q8PRP7
MM_1198:MM_2647,Q8PRP8
MM_0355:MM_1884:MM_2304:MM_2439:MM_2799:MM_2906,Q8PRP9
MM_1987:MM_2238,Q8PRQ0
MM_2507:MM_2509:MM_3265,Q8PRQ1
MM_0926:MM_1300:MM_1888,Q8PRQ2
MM_2165:MM_3236,Q8PRQ3
MM_0711:MM_0771:MM_3167,Q8PRQ4
MM_0397:MM_1786:MM_2437,Q8PRQ6
MM_0191:MM_0509,Q8PRQ7
MM_0881:MM_1573,Q8PRQ8
MM_1043:MM_2901:MM_2905:MM_3229:MM_3343,Q8PRQ9
MM_0396:MM_1787:MM_2436,Q8PRR1
MM_1044:MM_2230:MM_2902:MM_2904:MM_3228:MM_3344,Q8PRR2
MM_0052:MM_1679:MM_2837,Q8PRR3
MM_0522:MM_1930:MM_2579,Q8PRR4
MM_0739:MM_1260:MM_1624:MM_1832:MM_2430:MM_2588:MM_2690:MM_3160:MM_3245,Q8PRR5
MM_2390:MM_2450:MM_2530,Q8PRR6
MM_1729:MM_3037,Q8PRR7
MM_0022:MM_0031,Q8PRR8
MM_1988:MM_2239,Q8PRR9
MM_1730:MM_3038,Q8PRS0
MM_0740:MM_1259:MM_1623:MM_1831:MM_2429:MM_2589:MM_2689:MM_3161:MM_3246,Q8PRS1
MM_3371,Q8PRS2
MM_3370,Q8PRS3
MM_3369,Q8PRS4
MM_3368,Q8PRS5
MM_3367,Q8PRS6
MM_3366,Q8PRS7
MM_3365,Q8PRS8
MM_3364,Q8PRS9
MM_3363,Q8PRT0
MM_3362,Q8PRT1
MM_3361,Q8PRT2
MM_3360,Q8PRT3
MM_3359,Q8PRT4
MM_3358,Q8PRT5
MM_3357,Q8PRT6
MM_3356,Q8PRT7
MM_3355,Q8PRT8
MM_3354,Q8PRT9
MM_3353,Q8PRU0
MM_3352,Q8PRU1
MM_3351,Q8PRU2
MM_3350,Q8PRU3
MM_3349,Q8PRU4
MM_3348,Q8PRU5
MM_3347,Q8PRU6
MM_3346,Q8PRU7
MM_3345,Q8PRU8
MM_3342,Q8PRU9
MM_3341,Q8PRV0
MM_3340,Q8PRV1
MM_3339,Q8PRV2
MM_3338,Q8PRV3
MM_3337,Q8PRV4
MM_3333,Q8PRV5
MM_3332,Q8PRV6
MM_3331,Q8PRV7
MM_3330,Q8PRV8
MM_3329,Q8PRV9
MM_3328,Q8PRW0
MM_3327,Q8PRW1
MM_3325,Q8PRW3
oppD:MM_3324,Q8PRW4
oppF:MM_3323,Q8PRW5
MM_3322,Q8PRW6
oppB:MM_3321,Q8PRW7
oppC:MM_3320,Q8PRW8
MM_3319,Q8PRW9
MM_3318,Q8PRX0
MM_3317,Q8PRX1
MM_3316,Q8PRX2
MM_3315,Q8PRX3
MM_3313,Q8PRX5
MM_3312,Q8PRX6
MM_3311,Q8PRX7
MM_3310,Q8PRX8
MM_3309,Q8PRX9
MM_3308,Q8PRY0
MM_3307,Q8PRY1
MM_3306,Q8PRY2
MM_3305,Q8PRY3
MM_3303,Q8PRY5
MM_3302,Q8PRY6
MM_3301,Q8PRY7
MM_3300,Q8PRY8
MM_3299,Q8PRY9
MM_3298,Q8PRZ0
MM_3297,Q8PRZ1
MM_3296,Q8PRZ2
MM_3295,Q8PRZ3
MM_3294,Q8PRZ4
MM_3293,Q8PRZ5
MM_3292,Q8PRZ6
MM_3288,Q8PS00
MM_3287,Q8PS01
MM_3286,Q8PS02
MM_3285,Q8PS03
MM_3284,Q8PS04
MM_3282,Q8PS06
MM_3281,Q8PS07
MM_3280,Q8PS08
MM_3279,Q8PS09
MM_3278,Q8PS10
MM_3277,Q8PS11
MM_3276,Q8PS12
MM_3275,Q8PS13
MM_3274,Q8PS14
MM_3273,Q8PS15
MM_3272,Q8PS16
MM_3271,Q8PS17
MM_3269,Q8PS19
MM_3268,Q8PS20
MM_3267,Q8PS21
MM_3266,Q8PS22
MM_3264,Q8PS23
azlD:MM_3263,Q8PS24
azlC:MM_3262,Q8PS25
MM_3261,Q8PS26
MM_3260,Q8PS27
MM_3259,Q8PS28
MM_3258,Q8PS29
MM_3257,Q8PS30
MM_3256,Q8PS31
MM_3255,Q8PS32
MM_3254,Q8PS33
MM_3253,Q8PS34
MM_3252,Q8PS35
MM_3251,Q8PS36
MM_3250,Q8PS37
MM_3248,Q8PS39
MM_3247,Q8PS40
MM_3244,Q8PS41
MM_3243,Q8PS42
MM_3242,Q8PS43
MM_3241,Q8PS44
syrB:MM_3240,Q8PS45
MM_3239,Q8PS46
MM_3238,Q8PS47
MM_3237,Q8PS48
MM_3233,Q8PS51
MM_3232,Q8PS52
MM_3231,Q8PS53
MM_3230,Q8PS54
MM_3227,Q8PS55
MM_3226,Q8PS56
MM_3225,Q8PS57
MM_3224,Q8PS58
MM_3223,Q8PS59
MM_3222,Q8PS60
MM_3221,Q8PS61
MM_3220,Q8PS62
MM_3219,Q8PS63
MM_3218,Q8PS64
MM_3217,Q8PS65
MM_3216,Q8PS66
MM_3215,Q8PS67
MM_3214,Q8PS68
MM_3211,Q8PS71
MM_3209,Q8PS73
MM_3208,Q8PS74
MM_3207,Q8PS75
MM_3206,Q8PS76
MM_3205,Q8PS77
MM_3204,Q8PS78
MM_3203,Q8PS79
MM_3202,Q8PS80
MM_3201,Q8PS81
MM_3200,Q8PS82
MM_3199,Q8PS83
MM_3198,Q8PS84
MM_3197,Q8PS85
MM_3196,Q8PS86
MM_3195,Q8PS87
MM_3194,Q8PS88
MM_3193,Q8PS89
MM_3192,Q8PS90
MM_3191,Q8PS91
MM_3189,Q8PS93
MM_3188,Q8PS94
MM_3187,Q8PS95
MM_3186,Q8PS96
MM_3185,Q8PS97
MM_3184,Q8PS98
vorA:MM_3183,Q8PS99
vorB:MM_3182,Q8PSA0
vorC:MM_3181,Q8PSA1
MM_3180,Q8PSA2
MM_3179,Q8PSA3
MM_3178,Q8PSA4
MM_3177,Q8PSA5
MM_3176,Q8PSA6
MM_3175,Q8PSA7
MM_3174,Q8PSA8
MM_3173,Q8PSA9
MM_3172,Q8PSB0
MM_3171,Q8PSB1
MM_3170,Q8PSB2
MM_3169,Q8PSB3
MM_3168,Q8PSB4
MM_3166,Q8PSB5
MM_3165,Q8PSB6
MM_3164,Q8PSB7
MM_3163,Q8PSB8
MM_3162,Q8PSB9
MM_3159,Q8PSC0
MM_3158,Q8PSC1
MM_3157,Q8PSC2
MM_3156,Q8PSC3
MM_3155,Q8PSC4
MM_3154,Q8PSC5
MM_3153,Q8PSC6
MM_3152,Q8PSC7
MM_3151,Q8PSC8
MM_3149,Q8PSD0
MM_3148,Q8PSD1
MM_3147,Q8PSD2
MM_3146,Q8PSD3
MM_3145,Q8PSD4
MM_3144,Q8PSD5
MM_3143,Q8PSD6
MM_3142,Q8PSD7
MM_3140,Q8PSD9
MM_3139,Q8PSE0
MM_3138,Q8PSE1
MM_3137,Q8PSE2
MM_3136,Q8PSE3
MM_3135,Q8PSE4
MM_3133,Q8PSE6
MM_3132,Q8PSE7
MM_3131,Q8PSE8
MM_3130,Q8PSE9
MM_3129,Q8PSF0
MM_3128,Q8PSF1
MM_3127,Q8PSF2
MM_3126,Q8PSF3
MM_3125,Q8PSF4
MM_3124,Q8PSF5
MM_3123,Q8PSF6
MM_3122,Q8PSF7
MM_3121,Q8PSF8
MM_3120,Q8PSF9
MM_3119,Q8PSG0
MM_3117,Q8PSG2
MM_3116,Q8PSG3
MM_3115,Q8PSG4
MM_3114,Q8PSG5
MM_3113,Q8PSG6
MM_3112,Q8PSG7
MM_3111,Q8PSG8
MM_3110,Q8PSG9
MM_3109,Q8PSH0
MM_3108,Q8PSH1
MM_3107,Q8PSH2
MM_3106,Q8PSH3
MM_3105,Q8PSH4
MM_3104,Q8PSH5
MM_3103,Q8PSH6
MM_3102,Q8PSH7
MM_3101,Q8PSH8
MM_3100,Q8PSH9
MM_3099,Q8PSI0
MM_3098,Q8PSI1
MM_3097,Q8PSI2
MM_3096,Q8PSI3
MM_3095,Q8PSI4
MM_3094,Q8PSI5
MM_3093,Q8PSI6
MM_3092,Q8PSI7
MM_3091,Q8PSI8
MM_3090,Q8PSI9
MM_3089,Q8PSJ0
MM_3088,Q8PSJ1
MM_3087,Q8PSJ2
MM_3085,Q8PSJ4
MM_3084,Q8PSJ5
MM_3083,Q8PSJ6
MM_3082,Q8PSJ7
MM_3080,Q8PSJ9
MM_3079,Q8PSK0
MM_3078,Q8PSK1
syrB:MM_3077,Q8PSK2
MM_3075,Q8PSK4
MM_3073,Q8PSK6
MM_3072,Q8PSK7
MM_3071,Q8PSK8
MM_3070,Q8PSK9
MM_3069,Q8PSL0
MM_3068,Q8PSL1
MM_3067,Q8PSL2
MM_3066,Q8PSL3
MM_3065,Q8PSL4
MM_3064,Q8PSL5
MM_3063,Q8PSL6
MM_3062,Q8PSL7
MM_3061,Q8PSL8
MM_3060,Q8PSL9
MM_3059,Q8PSM0
MM_3058,Q8PSM1
MM_3057,Q8PSM2
comA:MM_3056,Q8PSM3
MM_3055,Q8PSM4
MM_3054,Q8PSM5
MM_3053,Q8PSM6
MM_3052,Q8PSM7
MM_3051,Q8PSM8
MM_3050,Q8PSM9
MM_3049,Q8PSN0
MM_3048,Q8PSN1
MM_3047,Q8PSN2
MM_3046,Q8PSN3
MM_3044,Q8PSN5
MM_3043,Q8PSN6
MM_3042,Q8PSN7
MM_3041,Q8PSN8
MM_3040,Q8PSN9
MM_3039,Q8PSP0
MM_3036,Q8PSP1
MM_3035,Q8PSP2
MM_3034,Q8PSP3
MM_3033,Q8PSP4
MM_3032,Q8PSP5
MM_3031,Q8PSP6
MM_3030,Q8PSP7
MM_3029,Q8PSP8
MM_3028,Q8PSP9
MM_3026,Q8PSQ0
MM_3025,Q8PSQ1
MM_3024,Q8PSQ2
MM_3023,Q8PSQ3
MM_3022,Q8PSQ4
MM_3021,Q8PSQ5
MM_3020,Q8PSQ6
MM_3019,Q8PSQ7
MM_3018,Q8PSQ8
MM_3017,Q8PSQ9
MM_3015,Q8PSR1
MM_3014,Q8PSR2
MM_3013,Q8PSR3
MM_3012,Q8PSR4
MM_3011,Q8PSR5
cutA:MM_3010,Q8PSR6
MM_3009,Q8PSR7
MM_3008,Q8PSR8
syrB:MM_3007,Q8PSR9
MM_3006,Q8PSS0
MM_3005,Q8PSS1
MM_3004,Q8PSS2
MM_3003,Q8PSS3
MM_3002,Q8PSS4
MM_3001,Q8PSS5
MM_2999,Q8PSS7
MM_2998,Q8PSS8
MM_2997,Q8PSS9
MM_2996,Q8PST0
MM_2995,Q8PST1
MM_2994,Q8PST2
MM_2992,Q8PST4
MM_2991,Q8PST5
MM_2990,Q8PST6
MM_2989,Q8PST7
MM_2988,Q8PST8
MM_2987,Q8PST9
MM_2986,Q8PSU0
MM_2985,Q8PSU1
MM_2984,Q8PSU2
MM_2983,Q8PSU3
MM_2982,Q8PSU4
MM_2981,Q8PSU5
MM_2980,Q8PSU6
MM_2979,Q8PSU7
MM_2978,Q8PSU8
MM_2977,Q8PSU9
MM_2975,Q8PSV1
MM_2974,Q8PSV2
MM_2973,Q8PSV3
MM_2972,Q8PSV4
MM_2971,Q8PSV5
MM_2970,Q8PSV6
MM_2969,Q8PSV7
MM_2966,Q8PSW0
mtbP:MM_2964,Q8PSW2
MM_2960,Q8PSW3
MM_2959,Q8PSW4
MM_2958,Q8PSW5
MM_2957,Q8PSW6
MM_2956,Q8PSW7
MM_2954,Q8PSW9
MM_2953,Q8PSX0
MM_2952,Q8PSX1
MM_2951,Q8PSX2
MM_2950,Q8PSX3
MM_2949,Q8PSX4
MM_2948,Q8PSX5
MM_2947,Q8PSX6
MM_2946,Q8PSX7
MM_2945,Q8PSX8
MM_2944,Q8PSX9
MM_2943,Q8PSY0
MM_2942,Q8PSY1
MM_2941,Q8PSY2
MM_2940,Q8PSY3
MM_2939,Q8PSY4
MM_2938,Q8PSY5
MM_2937,Q8PSY6
MM_2936,Q8PSY7
MM_2935,Q8PSY8
MM_2934,Q8PSY9
MM_2933,Q8PSZ0
MM_2932,Q8PSZ1
MM_2931,Q8PSZ2
MM_2930,Q8PSZ3
MM_2929,Q8PSZ4
MM_2928,Q8PSZ5
MM_2927,Q8PSZ6
MM_2926,Q8PSZ7
MM_2925,Q8PSZ8
MM_2924,Q8PSZ9
MM_2923,Q8PT00
MM_2922,Q8PT01
MM_2921,Q8PT02
MM_2920,Q8PT03
MM_2919,Q8PT04
MM_2918,Q8PT05
MM_2917,Q8PT06
MM_2916,Q8PT07
MM_2915,Q8PT08
MM_2914,Q8PT09
MM_2912,Q8PT11
MM_2909,Q8PT14
MM_2908,Q8PT15
MM_2907,Q8PT16
MM_2903,Q8PT17
MM_2900,Q8PT18
MM_2899,Q8PT19
MM_2898,Q8PT20
MM_2897,Q8PT21
MM_2896,Q8PT22
MM_2895,Q8PT23
MM_2894,Q8PT24
MM_2893,Q8PT25
MM_2892,Q8PT26
MM_2891,Q8PT27
MM_2890,Q8PT28
MM_2889,Q8PT29
MM_2888,Q8PT30
MM_2887,Q8PT31
MM_2886,Q8PT32
MM_2885,Q8PT33
MM_2884,Q8PT34
MM_2883,Q8PT35
MM_2882,Q8PT36
MM_2881,Q8PT37
MM_2880,Q8PT38
MM_2879,Q8PT39
MM_2878,Q8PT40
MM_2877,Q8PT41
MM_2875,Q8PT43
MM_2874,Q8PT44
MM_2873,Q8PT45
MM_2872,Q8PT46
MM_2871,Q8PT47
MM_2870,Q8PT48
MM_2869,Q8PT49
MM_2868,Q8PT50
MM_2867,Q8PT51
MM_2866,Q8PT52
MM_2865,Q8PT53
MM_2864,Q8PT54
MM_2863,Q8PT55
MM_2862,Q8PT56
MM_2861,Q8PT57
MM_2860,Q8PT58
MM_2859,Q8PT59
MM_2858,Q8PT60
MM_2857,Q8PT61
MM_2856,Q8PT62
MM_2855,Q8PT63
MM_2854,Q8PT64
MM_2853,Q8PT65
MM_2852,Q8PT66
MM_2851,Q8PT67
MM_2850,Q8PT68
MM_2849,Q8PT69
MM_2848,Q8PT70
MM_2847,Q8PT71
MM_2846,Q8PT72
MM_2845,Q8PT73
MM_2844,Q8PT74
MM_2843,Q8PT75
MM_2842,Q8PT76
MM_2841,Q8PT77
MM_2840,Q8PT78
MM_2839,Q8PT79
MM_2838,Q8PT80
MM_2835,Q8PT82
MM_2834,Q8PT83
MM_2833,Q8PT84
MM_2832,Q8PT85
MM_2831,Q8PT86
MM_2829,Q8PT88
MM_2828,Q8PT89
MM_2827,Q8PT90
MM_2826,Q8PT91
MM_2825,Q8PT92
MM_2824,Q8PT93
MM_2817,Q8PTA0
MM_2816,Q8PTA1
MM_2815,Q8PTA2
MM_2813,Q8PTA4
MM_2811,Q8PTA6
MM_2810,Q8PTA7
MM_2809,Q8PTA8
MM_2808,Q8PTA9
MM_2804,Q8PTB3
cooC:MM_2803,Q8PTB4
MM_2802,Q8PTB5
MM_2801,Q8PTB6
MM_2800,Q8PTB7
MM_2798,Q8PTB8
MM_2797,Q8PTB9
MM_2796,Q8PTC0
MM_2795,Q8PTC1
MM_2794,Q8PTC2
MM_2792,Q8PTC4
MM_2790,Q8PTC6
MM_2789,Q8PTC7
MM_2787,Q8PTC9
MM_2786,Q8PTD0
MM_2783,Q8PTD2
MM_2781,Q8PTD4
MM_2780,Q8PTD5
MM_2779,Q8PTD6
MM_2778,Q8PTD7
MM_2776,Q8PTD9
MM_2775,Q8PTE0
MM_2774,Q8PTE1
MM_2773,Q8PTE2
MM_2772,Q8PTE3
MM_2771,Q8PTE4
MM_2770,Q8PTE5
MM_2769,Q8PTE6
MM_2768,Q8PTE7
MM_2767,Q8PTE8
MM_2766,Q8PTE9
MM_2765,Q8PTF0
MM_2764,Q8PTF1
MM_2763,Q8PTF2
MM_2762,Q8PTF3
MM_2761,Q8PTF4
MM_2760,Q8PTF5
MM_2759,Q8PTF6
MM_2758,Q8PTF7
MM_2757,Q8PTF8
MM_2756,Q8PTF9
MM_2755,Q8PTG0
MM_2754,Q8PTG1
MM_2753,Q8PTG2
MM_2752,Q8PTG3
MM_2751,Q8PTG4
MM_2750,Q8PTG5
MM_2749,Q8PTG6
MM_2748,Q8PTG7
MM_2747,Q8PTG8
MM_2746,Q8PTG9
MM_2745,Q8PTH0
MM_2744,Q8PTH1
MM_2743,Q8PTH2
MM_2742,Q8PTH3
MM_2741,Q8PTH4
MM_2739,Q8PTH6
MM_2738,Q8PTH7
MM_2737,Q8PTH8
MM_2736,Q8PTH9
MM_2735,Q8PTI0
MM_2734,Q8PTI1
MM_2732,Q8PTI3
MM_2730,Q8PTI5
MM_2729,Q8PTI6
MM_2728,Q8PTI7
MM_2727,Q8PTI8
MM_2726,Q8PTI9
MM_2725,Q8PTJ0
MM_2724,Q8PTJ1
MM_2722,Q8PTJ3
MM_2721,Q8PTJ4
MM_2720,Q8PTJ5
MM_2719,Q8PTJ6
MM_2718,Q8PTJ7
MM_2717,Q8PTJ8
MM_2716,Q8PTJ9
MM_2712,Q8PTK3
MM_2711,Q8PTK4
MM_2710,Q8PTK5
MM_2709,Q8PTK6
MM_2708,Q8PTK7
MM_2707,Q8PTK8
MM_2706,Q8PTK9
MM_2704,Q8PTL1
MM_2703,Q8PTL2
MM_2702,Q8PTL3
MM_2701,Q8PTL4
MM_2700,Q8PTL5
MM_2699,Q8PTL6
MM_2698,Q8PTL7
MM_2697,Q8PTL8
MM_2696,Q8PTL9
MM_2695,Q8PTM0
MM_2694,Q8PTM1
MM_2693,Q8PTM2
MM_2692,Q8PTM3
MM_2691,Q8PTM4
MM_2688,Q8PTM5
MM_2687,Q8PTM6
MM_2686,Q8PTM7
MM_2685,Q8PTM8
MM_2684,Q8PTM9
MM_2683,Q8PTN0
MM_2682,Q8PTN1
MM_2681,Q8PTN2
MM_2680,Q8PTN3
MM_2679,Q8PTN4
MM_2678,Q8PTN5
MM_2677,Q8PTN6
MM_2676,Q8PTN7
MM_2674,Q8PTN9
MM_2673,Q8PTP0
MM_2672,Q8PTP1
MM_2671,Q8PTP2
MM_2670,Q8PTP3
MM_2669,Q8PTP4
MM_2668,Q8PTP5
MM_2667,Q8PTP6
MM_2666,Q8PTP7
MM_2665,Q8PTP8
MM_2664,Q8PTP9
MM_2663,Q8PTQ0
MM_2662,Q8PTQ1
MM_2661,Q8PTQ2
MM_2660,Q8PTQ3
MM_2659,Q8PTQ4
MM_2658,Q8PTQ5
MM_2655,Q8PTQ8
MM_2654,Q8PTQ9
MM_2652,Q8PTR1
MM_2651,Q8PTR2
MM_2650,Q8PTR3
MM_2649,Q8PTR4
MM_2648,Q8PTR5
MM_2646,Q8PTR6
MM_2644,Q8PTR8
MM_2643,Q8PTR9
MM_2642,Q8PTS0
MM_2641,Q8PTS1
MM_2639,Q8PTS3
MM_2638,Q8PTS4
MM_2637,Q8PTS5
MM_2636,Q8PTS6
MM_2635,Q8PTS7
MM_2633,Q8PTS9
MM_2632,Q8PTT0
MM_2631,Q8PTT1
MM_2630,Q8PTT2
MM_2628,Q8PTT4
MM_2627,Q8PTT5
MM_2621,Q8PTU0
MM_2617,Q8PTU4
MM_2615,Q8PTU6
MM_2614,Q8PTU7
MM_2613,Q8PTU8
MM_2612,Q8PTU9
MM_2611,Q8PTV0
MM_2610,Q8PTV1
MM_2609,Q8PTV2
MM_2608,Q8PTV3
MM_2607,Q8PTV4
MM_2606,Q8PTV5
MM_2605,Q8PTV6
MM_2604,Q8PTV7
MM_2603,Q8PTV8
MM_2602,Q8PTV9
MM_2601,Q8PTW0
MM_2600,Q8PTW1
MM_2599,Q8PTW2
MM_2598,Q8PTW3
MM_2597,Q8PTW4
MM_2596,Q8PTW5
MM_2594,Q8PTW6
MM_2593,Q8PTW7
MM_2592,Q8PTW8
MM_2591,Q8PTW9
MM_2590,Q8PTX0
MM_2587,Q8PTX1
tatA:MM_2584,Q8PTX4
MM_2581,Q8PTX7
MM_2580,Q8PTX8
MM_2578,Q8PTX9
MM_2577,Q8PTY0
MM_2576,Q8PTY1
MM_2575,Q8PTY2
MM_2574,Q8PTY3
MM_2573,Q8PTY4
MM_2572,Q8PTY5
MM_2571,Q8PTY6
MM_2570,Q8PTY7
MM_2569,Q8PTY8
MM_2568,Q8PTY9
MM_2567,Q8PTZ0
cooC:MM_2566,Q8PTZ1
MM_2565,Q8PTZ2
MM_2564,Q8PTZ3
MM_2563,Q8PTZ4
MM_2562,Q8PTZ5
MM_2560,Q8PTZ7
MM_2559,Q8PTZ8
MM_2558,Q8PTZ9
MM_2556,Q8PU01
MM_2555,Q8PU02
MM_2554,Q8PU03
MM_2553,Q8PU04
MM_2552,Q8PU05
MM_2551,Q8PU06
MM_2550,Q8PU07
MM_2549,Q8PU08
MM_2548,Q8PU09
MM_2547,Q8PU10
MM_2546,Q8PU11
MM_2545,Q8PU12
MM_2544,Q8PU13
MM_2543,Q8PU14
MM_2538,Q8PU19
MM_2533,Q8PU24
MM_2532,Q8PU25
MM_2531,Q8PU26
MM_2529,Q8PU27
MM_2527,Q8PU29
MM_2526,Q8PU30
MM_2525,Q8PU31
MM_2524,Q8PU32
MM_2523,Q8PU33
MM_2522,Q8PU34
MM_2521,Q8PU35
MM_2520,Q8PU36
MM_2519,Q8PU37
MM_2518,Q8PU38
MM_2516,Q8PU40
MM_2515,Q8PU41
MM_2513,Q8PU43
MM_2512,Q8PU44
MM_2511,Q8PU45
MM_2510,Q8PU46
MM_2508,Q8PU47
trkG:MM_2502,Q8PU48
trkG:MM_2500,Q8PU49
MM_2498,Q8PU51
MM_2493,Q8PU56
MM_2492,Q8PU57
fpoJ:MM_2484,Q8PU62
MM_2478,Q8PU63
MM_2477,Q8PU64
MM_2476,Q8PU65
MM_2475,Q8PU66
MM_2474,Q8PU67
MM_2473,Q8PU68
MM_2472,Q8PU69
MM_2471,Q8PU70
MM_2470,Q8PU71
MM_2469,Q8PU72
MM_2468,Q8PU73
MM_2461,Q8PU80
MM_2460,Q8PU81
MM_2459,Q8PU82
MM_2458,Q8PU83
MM_2457,Q8PU84
MM_2456,Q8PU85
MM_2455,Q8PU86
MM_2454,Q8PU87
MM_2453,Q8PU88
MM_2452,Q8PU89
MM_2451,Q8PU90
MM_2449,Q8PU91
MM_2448,Q8PU92
MM_2447,Q8PU93
MM_2446,Q8PU94
MM_2445,Q8PU95
MM_2444,Q8PU96
MM_2443,Q8PU97
MM_2442,Q8PU98
MM_2441,Q8PU99
MM_2440,Q8PUA0
MM_2438,Q8PUA1
MM_2435,Q8PUA2
MM_2434,Q8PUA3
MM_2431,Q8PUA6
MM_2426,Q8PUA9
MM_2425,Q8PUB0
MM_2424,Q8PUB1
MM_2422,Q8PUB3
htpG:MM_2421,Q8PUB4
MM_2416,Q8PUB9
MM_2415,Q8PUC0
MM_2414,Q8PUC1
MM_2413,Q8PUC2
MM_2412,Q8PUC3
MM_2411,Q8PUC4
MM_2410,Q8PUC5
MM_2409,Q8PUC6
MM_2408,Q8PUC7
MM_2407,Q8PUC8
MM_2406,Q8PUC9
MM_2405,Q8PUD0
MM_2404,Q8PUD1
MM_2403,Q8PUD2
MM_2402,Q8PUD3
MM_2401,Q8PUD4
MM_2400,Q8PUD5
MM_2398,Q8PUD7
MM_2397,Q8PUD8
MM_2396,Q8PUD9
MM_2395,Q8PUE0
MM_2394,Q8PUE1
MM_2393,Q8PUE2
MM_2392,Q8PUE3
MM_2391,Q8PUE4
MM_2389,Q8PUE5
cbiQ:MM_2388,Q8PUE6
MM_2386,Q8PUE8
MM_2385,Q8PUE9
MM_2384,Q8PUF0
MM_2383,Q8PUF1
MM_2382,Q8PUF2
MM_2381,Q8PUF3
MM_2380,Q8PUF4
MM_2378,Q8PUF6
MM_2377,Q8PUF7
MM_2376,Q8PUF8
MM_2375,Q8PUF9
MM_2374,Q8PUG0
MM_2371,Q8PUG3
MM_2370,Q8PUG4
MM_2369,Q8PUG5
MM_2368,Q8PUG6
MM_2367,Q8PUG7
MM_2366,Q8PUG8
MM_2365,Q8PUG9
MM_2364,Q8PUH0
MM_2363,Q8PUH1
MM_2361,Q8PUH3
MM_2360,Q8PUH4
MM_2359,Q8PUH5
MM_2358,Q8PUH6
MM_2357,Q8PUH7
MM_2356,Q8PUH8
MM_2354,Q8PUI0
MM_2353,Q8PUI1
MM_2352,Q8PUI2
MM_2351,Q8PUI3
MM_2350,Q8PUI4
MM_2349,Q8PUI5
MM_2348,Q8PUI6
MM_2347,Q8PUI7
MM_2346,Q8PUI8
MM_2345,Q8PUI9
MM_2344,Q8PUJ0
MM_2343,Q8PUJ1
MM_2342,Q8PUJ2
MM_2341,Q8PUJ3
MM_2340,Q8PUJ4
MM_2338,Q8PUJ6
MM_2337,Q8PUJ7
MM_2335,Q8PUJ9
MM_2334,Q8PUK0
MM_2333,Q8PUK1
MM_2332,Q8PUK2
MM_2331,Q8PUK3
MM_2330,Q8PUK4
MM_2329,Q8PUK5
MM_2327,Q8PUK7
MM_2326,Q8PUK8
echF:MM_2325,Q8PUK9
echD:MM_2323,Q8PUL1
echC:MM_2322,Q8PUL2
echB:MM_2321,Q8PUL3
echA:MM_2320,Q8PUL4
hypE:MM_2319,Q8PUL5
hypB:MM_2318,Q8PUL6
hypD:MM_2316,Q8PUL8
hypC:MM_2315,Q8PUL9
MM_2311,Q8PUM2
MM_2310,Q8PUM3
MM_2309,Q8PUM4
MM_2308,Q8PUM5
MM_2305,Q8PUM8
MM_2303,Q8PUM9
MM_2302,Q8PUN0
MM_2300,Q8PUN2
MM_2299,Q8PUN3
MM_2298,Q8PUN4
MM_2297,Q8PUN5
MM_2296,Q8PUN6
MM_2295,Q8PUN7
MM_2293,Q8PUN9
MM_2291,Q8PUP1
MM_2290,Q8PUP2
MM_2289,Q8PUP3
MM_2287,Q8PUP5
MM_2286,Q8PUP6
MM_2285,Q8PUP7
MM_2284,Q8PUP8
MM_2280,Q8PUQ2
MM_2277,Q8PUQ5
MM_2276,Q8PUQ6
MM_2275,Q8PUQ7
MM_2262,Q8PUR9
MM_2261,Q8PUS0
MM_2260,Q8PUS1
MM_2259,Q8PUS2
MM_2258,Q8PUS3
MM_2257,Q8PUS4
MM_2256,Q8PUS5
MM_2255,Q8PUS6
MM_2254,Q8PUS7
MM_2253,Q8PUS8
MM_2252,Q8PUS9
MM_2251,Q8PUT0
MM_2250,Q8PUT1
MM_2249,Q8PUT2
MM_2248,Q8PUT3
MM_2247,Q8PUT4
MM_2246,Q8PUT5
MM_2245,Q8PUT6
MM_2244,Q8PUT7
MM_2242,Q8PUT9
MM_2241,Q8PUU0
MM_2240,Q8PUU1
MM_2237,Q8PUU2
MM_2236,Q8PUU3
MM_2235,Q8PUU4
MM_2234,Q8PUU5
MM_2233,Q8PUU6
MM_2232,Q8PUU7
MM_2231,Q8PUU8
MM_2229,Q8PUU9
MM_2228,Q8PUV0
MM_2227,Q8PUV1
MM_2226,Q8PUV2
MM_2225,Q8PUV3
MM_2223,Q8PUV5
MM_2222,Q8PUV6
MM_2221,Q8PUV7
MM_2220,Q8PUV8
MM_2219,Q8PUV9
MM_2218,Q8PUW0
MM_2217,Q8PUW1
MM_2215,Q8PUW3
MM_2214,Q8PUW4
MM_2213,Q8PUW5
MM_2212,Q8PUW6
MM_2211,Q8PUW7
MM_2209,Q8PUW9
MM_2207,Q8PUX1
MM_2203,Q8PUX5
MM_2202,Q8PUX6
MM_2201,Q8PUX7
MM_2200,Q8PUX8
MM_2199,Q8PUX9
MM_2197,Q8PUY1
MM_2196,Q8PUY2
MM_2195,Q8PUY3
MM_2192,Q8PUY6
MM_2191,Q8PUY7
MM_2190,Q8PUY8
MM_2189,Q8PUY9
MM_2188,Q8PUZ0
MM_2187,Q8PUZ1
MM_2186,Q8PUZ2
MM_2185,Q8PUZ3
MM_2183,Q8PUZ5
MM_2181,Q8PUZ7
MM_2180,Q8PUZ8
MM_2179,Q8PUZ9
MM_2178,Q8PV00
MM_2177,Q8PV01
MM_2176,Q8PV02
MM_2174,Q8PV04
MM_2173,Q8PV05
MM_2168,Q8PV07
MM_2167,Q8PV08
MM_2166,Q8PV09
hypC:MM_2164,Q8PV10
hypB:MM_2163,Q8PV11
MM_2162,Q8PV12
MM_2161,Q8PV13
MM_2160,Q8PV14
MM_2159,Q8PV15
MM_2152,Q8PV22
MM_2151,Q8PV23
MM_2150,Q8PV24
MM_2123,Q8PV51
MM_2122,Q8PV52
MM_2121,Q8PV53
MM_2120,Q8PV54
MM_2119,Q8PV55
MM_2118,Q8PV56
MM_2117,Q8PV57
MM_2116,Q8PV58
MM_2115,Q8PV59
MM_2114,Q8PV60
MM_2113,Q8PV61
MM_2112,Q8PV62
MM_2111,Q8PV63
MM_2110,Q8PV64
MM_2109,Q8PV65
MM_2108,Q8PV66
MM_2107,Q8PV67
MM_2106,Q8PV68
MM_2105,Q8PV69
MM_2104,Q8PV70
MM_2103,Q8PV71
MM_2102,Q8PV72
MM_2101,Q8PV73
MM_2100,Q8PV74
MM_2099,Q8PV75
MM_2098,Q8PV76
MM_2097,Q8PV77
MM_2096,Q8PV78
MM_2095,Q8PV79
MM_2092,Q8PV82
MM_2091,Q8PV83
MM_2090,Q8PV84
MM_2086,Q8PV86
MM_2081,Q8PV90
MM_2080,Q8PV91
MM_2079,Q8PV92
MM_2078,Q8PV93
MM_2076,Q8PV95
MM_2074,Q8PV97
MM_2071,Q8PVA0
MM_2069,Q8PVA2
fecD:MM_2068,Q8PVA3
MM_2067,Q8PVA4
MM_2065,Q8PVA6
MM_2064,Q8PVA7
MM_2063,Q8PVA8
MM_2062,Q8PVA9
MM_2058,Q8PVB3
MM_2056,Q8PVB5
MM_2055,Q8PVB6
MM_2054,Q8PVB7
MM_2053,Q8PVB8
MM_2046,Q8PVB9
MM_2045,Q8PVC0
MM_2044,Q8PVC1
MM_2043,Q8PVC2
MM_2042,Q8PVC3
MM_2041,Q8PVC4
MM_2040,Q8PVC5
MM_2038,Q8PVC7
MM_2037,Q8PVC8
MM_2036,Q8PVC9
MM_2035,Q8PVD0
MM_2034,Q8PVD1
MM_2033,Q8PVD2
nfeD:MM_2032,Q8PVD3
hypE:MM_2031,Q8PVD4
MM_2029,Q8PVD6
MM_2028,Q8PVD7
MM_2027,Q8PVD8
MM_2026,Q8PVD9
MM_2025,Q8PVE0
MM_2024,Q8PVE1
MM_2023,Q8PVE2
MM_2022,Q8PVE3
MM_2021,Q8PVE4
MM_2020,Q8PVE5
MM_2018,Q8PVE7
MM_2017,Q8PVE8
MM_2016,Q8PVE9
MM_2012,Q8PVF3
pstA:MM_2008,Q8PVF7
pstA:MM_2007,Q8PVF8
MM_2005,Q8PVG0
chlD:MM_2003,Q8PVG2
MM_2002,Q8PVG3
MM_2001,Q8PVG4
MM_2000,Q8PVG5
MM_1999,Q8PVG6
cobN:MM_1998,Q8PVG7
MM_1997,Q8PVG8
cbiQ:MM_1995,Q8PVH0
MM_1994,Q8PVH1
MM_1993,Q8PVH2
MM_1992,Q8PVH3
MM_1991,Q8PVH4
MM_1990,Q8PVH5
MM_1989,Q8PVH6
MM_1986,Q8PVH7
MM_1985,Q8PVH8
MM_1984,Q8PVH9
MM_1983,Q8PVI0
MM_1982,Q8PVI1
MM_1981,Q8PVI2
MM_1979,Q8PVI4
MM_1977,Q8PVI6
MM_1975,Q8PVI8
MM_1973,Q8PVJ0
MM_1972,Q8PVJ1
MM_1971,Q8PVJ2
MM_1970,Q8PVJ3
MM_1967,Q8PVJ6
MM_1965,Q8PVJ8
MM_1962,Q8PVK1
MM_1961,Q8PVK2
MM_1960,Q8PVK3
MM_1959,Q8PVK4
MM_1958,Q8PVK5
MM_1957,Q8PVK6
MM_1956,Q8PVK7
MM_1955,Q8PVK8
MM_1954,Q8PVK9
czcD:MM_1953,Q8PVL0
czcD:MM_1952,Q8PVL1
MM_1951,Q8PVL2
MM_1949,Q8PVL4
MM_1948,Q8PVL5
MM_1947,Q8PVL6
MM_1946,Q8PVL7
MM_1945,Q8PVL8
MM_1944,Q8PVL9
MM_1943,Q8PVM0
MM_1942,Q8PVM1
glnQ:MM_1941,Q8PVM2
glnP:MM_1940,Q8PVM3
MM_1939,Q8PVM4
MM_1938,Q8PVM5
MM_1937,Q8PVM6
MM_1936,Q8PVM7
MM_1935,Q8PVM8
MM_1934,Q8PVM9
MM_1933,Q8PVN0
mtbA:MM_1932,Q8PVN1
MM_1931,Q8PVN2
MM_1929,Q8PVN3
MM_1928,Q8PVN4
MM_1927,Q8PVN5
MM_1926,Q8PVN6
MM_1925,Q8PVN7
MM_1924,Q8PVN8
MM_1923,Q8PVN9
MM_1922,Q8PVP0
MM_1921,Q8PVP1
MM_1920,Q8PVP2
MM_1919,Q8PVP3
MM_1918,Q8PVP4
MM_1917,Q8PVP5
MM_1915,Q8PVP7
MM_1914,Q8PVP8
MM_1912,Q8PVQ0
kefC:MM_1909,Q8PVQ3
MM_1908,Q8PVQ4
MM_1907,Q8PVQ5
MM_1906,Q8PVQ6
MM_1905,Q8PVQ7
MM_1904,Q8PVQ8
MM_1903,Q8PVQ9
MM_1902,Q8PVR0
MM_1901,Q8PVR1
MM_1900,Q8PVR2
MM_1899,Q8PVR3
MM_1898,Q8PVR4
MM_1897,Q8PVR5
paaI:MM_1896,Q8PVR6
syrB:MM_1893,Q8PVR9
MM_1892,Q8PVS0
MM_1891,Q8PVS1
kefA:MM_1890,Q8PVS2
MM_1889,Q8PVS3
MM_1887,Q8PVS4
MM_1886,Q8PVS5
MM_1883,Q8PVS7
MM_1882,Q8PVS8
MM_1878,Q8PVT2
MM_1875,Q8PVT5
MM_1873,Q8PVT7
MM_1872,Q8PVT8
MM_1870,Q8PVU0
MM_1869,Q8PVU1
MM_1868,Q8PVU2
MM_1867,Q8PVU3
MM_1866,Q8PVU4
MM_1865,Q8PVU5
MM_1864,Q8PVU6
MM_1863,Q8PVU7
MM_1862,Q8PVU8
MM_1861,Q8PVU9
MM_1860,Q8PVV0
MM_1859,Q8PVV1
MM_1858,Q8PVV2
MM_1853,Q8PVV4
MM_1852,Q8PVV5
MM_1851,Q8PVV6
MM_1850,Q8PVV7
MM_1849,Q8PVV8
MM_1848,Q8PVV9
MM_1847,Q8PVW0
MM_1846,Q8PVW1
MM_1845,Q8PVW2
MM_1842,Q8PVW5
MM_1841,Q8PVW6
MM_1840,Q8PVW7
MM_1839,Q8PVW8
MM_1838,Q8PVW9
MM_1837,Q8PVX0
MM_1835,Q8PVX2
MM_1834,Q8PVX3
MM_1833,Q8PVX4
MM_1830,Q8PVX5
MM_1829,Q8PVX6
MM_1828,Q8PVX7
MM_1827,Q8PVX8
MM_1826,Q8PVX9
hmf1:MM_1825,Q8PVY0
MM_1824,Q8PVY1
MM_1823,Q8PVY2
MM_1822,Q8PVY3
MM_1819,Q8PVY6
MM_1817,Q8PVY8
MM_1816,Q8PVY9
MM_1814,Q8PVZ1
MM_1813,Q8PVZ2
MM_1812,Q8PVZ3
MM_1810,Q8PVZ5
MM_1807,Q8PVZ7
MM_1806,Q8PVZ8
MM_1805,Q8PVZ9
MM_1804,Q8PW00
MM_1803,Q8PW01
MM_1802,Q8PW02
MM_1801,Q8PW03
MM_1799,Q8PW05
MM_1796,Q8PW08
MM_1795,Q8PW09
MM_1794,Q8PW10
MM_1793,Q8PW11
MM_1792,Q8PW12
MM_1791,Q8PW13
MM_1790,Q8PW14
MM_1789,Q8PW15
MM_1788,Q8PW16
MM_1785,Q8PW17
MM_1784,Q8PW18
MM_1783,Q8PW19
MM_1782,Q8PW20
MM_1781,Q8PW21
MM_1780,Q8PW22
MM_1779,Q8PW23
czcD:MM_1778,Q8PW24
MM_1777,Q8PW25
MM_1776,Q8PW26
MM_1775,Q8PW27
MM_1774,Q8PW28
MM_1773,Q8PW29
MM_1771,Q8PW30
MM_1769,Q8PW32
MM_1768,Q8PW33
MM_1765,Q8PW36
MM_1761,Q8PW40
MM_1754,Q8PW47
MM_1752,Q8PW49
MM_1751,Q8PW50
MM_1750,Q8PW51
MM_1748,Q8PW53
MM_1747,Q8PW54
nirD:MM_1738,Q8PW62
nirJ:MM_1737,Q8PW63
MM_1736,Q8PW64
MM_1734,Q8PW65
MM_1733,Q8PW66
MM_1732,Q8PW67
MM_1731,Q8PW68
nirJ:MM_1726,Q8PW70
MM_1725,Q8PW71
MM_1724,Q8PW72
MM_1723,Q8PW73
MM_1722,Q8PW74
MM_1721,Q8PW75
MM_1720,Q8PW76
MM_1719,Q8PW77
MM_1718,Q8PW78
MM_1717,Q8PW79
MM_1716,Q8PW80
MM_1715,Q8PW81
MM_1714,Q8PW82
MM_1713,Q8PW83
czcD:MM_1711,Q8PW85
MM_1707,Q8PW89
MM_1705,Q8PW91
MM_1703,Q8PW93
MM_1702,Q8PW94
MM_1701,Q8PW95
MM_1700,Q8PW96
MM_1698,Q8PW98
MM_1697,Q8PW99
MM_1695,Q8PWA1
MM_1692,Q8PWA2
MM_1691,Q8PWA3
MM_1686,Q8PWA4
MM_1684,Q8PWA6
MM_1680,Q8PWB0
MM_1678,Q8PWB1
MM_1677,Q8PWB2
MM_1676,Q8PWB3
MM_1675,Q8PWB4
MM_1674,Q8PWB5
MM_1673,Q8PWB6
MM_1672,Q8PWB7
MM_1671,Q8PWB8
MM_1670,Q8PWB9
MM_1669,Q8PWC0
recG:MM_1668,Q8PWC1
MM_1667,Q8PWC2
MM_1666,Q8PWC3
MM_1665,Q8PWC4
MM_1664,Q8PWC5
MM_1663,Q8PWC6
MM_1662,Q8PWC7
MM_1659,Q8PWD0
tlpC:MM_1658,Q8PWD1
MM_1657,Q8PWD2
MM_1656,Q8PWD3
MM_1655,Q8PWD4
MM_1654,Q8PWD5
MM_1653,Q8PWD6
MM_1652,Q8PWD7
MM_1651,Q8PWD8
MM_1650,Q8PWD9
MM_1649,Q8PWE0
mtaC:MM_1648,Q8PWE1
MM_1647,Q8PWE2
MM_1646,Q8PWE3
MM_1645,Q8PWE4
MM_1644,Q8PWE5
MM_1643,Q8PWE6
MM_1642,Q8PWE7
MM_1641,Q8PWE8
MM_1640,Q8PWE9
MM_1639,Q8PWF0
MM_1638,Q8PWF1
MM_1637,Q8PWF2
MM_1636,Q8PWF3
MM_1635,Q8PWF4
MM_1633,Q8PWF6
MM_1632,Q8PWF7
MM_1631,Q8PWF8
MM_1630,Q8PWF9
MM_1629,Q8PWG0
MM_1626,Q8PWG3
MM_1625,Q8PWG4
MM_1622,Q8PWG5
MM_1621,Q8PWG6
MM_1620,Q8PWG7
MM_1619,Q8PWG8
MM_1617,Q8PWH0
MM_1616,Q8PWH1
MM_1615,Q8PWH2
MM_1614,Q8PWH3
MM_1613,Q8PWH4
MM_1612,Q8PWH5
MM_1610,Q8PWH6
MM_1609,Q8PWH7
MM_1608,Q8PWH8
MM_1607,Q8PWH9
MM_1605,Q8PWI1
MM_1604,Q8PWI2
MM_1603,Q8PWI3
cobN:MM_1602,Q8PWI4
cobN:MM_1601,Q8PWI5
MM_1600,Q8PWI6
MM_1599,Q8PWI7
MM_1598,Q8PWI8
MM_1597,Q8PWI9
MM_1596,Q8PWJ0
MM_1595,Q8PWJ1
MM_1593,Q8PWJ2
MM_1591,Q8PWJ4
MM_1590,Q8PWJ5
MM_1589,Q8PWJ6
MM_1588,Q8PWJ7
MM_1587,Q8PWJ8
MM_1586,Q8PWJ9
MM_1585,Q8PWK0
MM_1584,Q8PWK1
MM_1583,Q8PWK2
MM_1582,Q8PWK3
MM_1581,Q8PWK4
MM_1580,Q8PWK5
MM_1579,Q8PWK6
MM_1578,Q8PWK7
MM_1576,Q8PWK9
MM_1575,Q8PWL0
MM_1574,Q8PWL1
MM_1572,Q8PWL2
MM_1571,Q8PWL3
MM_1570,Q8PWL4
fmdD:MM_1568,Q8PWL6
fmdA:MM_1566,Q8PWL8
fmdF:MM_1565,Q8PWL9
MM_1564,Q8PWM0
MM_1563,Q8PWM1
MM_1562,Q8PWM2
MM_1561,Q8PWM3
MM_1560,Q8PWM4
MM_1559,Q8PWM5
MM_1558,Q8PWM6
MM_1555,Q8PWM9
MM_1554,Q8PWN0
MM_1553,Q8PWN1
MM_1552,Q8PWN2
MM_1551,Q8PWN3
MM_1550,Q8PWN4
MM_1549,Q8PWN5
MM_1548,Q8PWN6
MM_1539,Q8PWN7
MM_1536,Q8PWP0
MM_1534,Q8PWP2
MM_1533,Q8PWP3
MM_1532,Q8PWP4
MM_1531,Q8PWP5
MM_1530,Q8PWP6
MM_1529,Q8PWP7
MM_1528,Q8PWP8
MM_1526,Q8PWQ0
MM_1525,Q8PWQ1
MM_1524,Q8PWQ2
MM_1523,Q8PWQ3
MM_1522,Q8PWQ4
MM_1520,Q8PWQ6
MM_1519,Q8PWQ7
MM_1518,Q8PWQ8
MM_1516,Q8PWR0
MM_1515,Q8PWR1
MM_1514,Q8PWR2
MM_1513,Q8PWR3
MM_1512,Q8PWR4
MM_1511,Q8PWR5
MM_1510,Q8PWR6
MM_1509,Q8PWR7
MM_1508,Q8PWR8
MM_1507,Q8PWR9
MM_1501,Q8PWS5
MM_1500,Q8PWS6
MM_1498,Q8PWS8
MM_1497,Q8PWS9
MM_1496,Q8PWT0
MM_1494,Q8PWT2
MM_1492,Q8PWT4
MM_1491,Q8PWT5
MM_1489,Q8PWT7
MM_1488,Q8PWT8
MM_1487,Q8PWT9
MM_1485,Q8PWU1
MM_1484,Q8PWU2
MM_1483,Q8PWU3
MM_1482,Q8PWU4
MM_1481,Q8PWU5
MM_1480,Q8PWU6
MM_1479,Q8PWU7
MM_1478,Q8PWU8
MM_1477,Q8PWU9
MM_1474,Q8PWV2
MM_1473,Q8PWV3
MM_1472,Q8PWV4
MM_1469,Q8PWV7
MM_1468,Q8PWV8
MM_1467,Q8PWV9
MM_1466,Q8PWW0
MM_1465,Q8PWW1
MM_1464,Q8PWW2
MM_1463,Q8PWW3
MM_1462,Q8PWW4
MM_1461,Q8PWW5
MM_1460,Q8PWW6
MM_1459,Q8PWW7
MM_1458,Q8PWW8
MM_1457,Q8PWW9
MM_1456,Q8PWX0
MM_1455,Q8PWX1
MM_1454,Q8PWX2
MM_1453,Q8PWX3
MM_1452,Q8PWX4
MM_1451,Q8PWX5
MM_1450,Q8PWX6
MM_1449,Q8PWX7
MM_1448,Q8PWX8
MM_1447,Q8PWX9
MM_1446,Q8PWY0
MM_1444,Q8PWY2
MM_1442,Q8PWY4
MM_1440,Q8PWY6
mtmP:MM_1435,Q8PWY7
mtmP:MM_1434,Q8PWY8
MM_1433,Q8PWY9
MM_1432,Q8PWZ0
MM_1431,Q8PWZ1
MM_1430,Q8PWZ2
MM_1429,Q8PWZ3
MM_1428,Q8PWZ4
MM_1427,Q8PWZ5
MM_1426,Q8PWZ6
MM_1423,Q8PWZ9
MM_1422,Q8PX00
MM_1420,Q8PX02
MM_1419,Q8PX03
MM_1415,Q8PX07
MM_1414,Q8PX08
MM_1413,Q8PX09
MM_1412,Q8PX10
MM_1411,Q8PX11
MM_1410,Q8PX12
MM_1409,Q8PX13
MM_1408,Q8PX14
MM_1407,Q8PX15
MM_1403,Q8PX19
MM_1400,Q8PX22
MM_1399,Q8PX23
MM_1395,Q8PX27
MM_1392,Q8PX30
syrB:MM_1390,Q8PX32
MM_1389,Q8PX33
MM_1387,Q8PX35
MM_1386,Q8PX36
MM_1385,Q8PX37
MM_1384,Q8PX38
MM_1382,Q8PX40
dnaJ:MM_1381,Q8PX41
dnaK:MM_1380,Q8PX42
MM_1379,Q8PX43
MM_1377,Q8PX45
MM_1376,Q8PX46
MM_1373,Q8PX49
MM_1370,Q8PX52
MM_1368,Q8PX54
MM_1367,Q8PX55
MM_1366,Q8PX56
MM_1364,Q8PX58
MM_1363,Q8PX59
MM_1362,Q8PX60
MM_1361,Q8PX61
MM_1360,Q8PX62
MM_1359,Q8PX63
MM_1358,Q8PX64
MM_1357,Q8PX65
MM_1356,Q8PX66
MM_1355,Q8PX67
MM_1354,Q8PX68
MM_1353,Q8PX69
MM_1352,Q8PX70
MM_1351,Q8PX71
MM_1350,Q8PX72
MM_1349,Q8PX73
MM_1344,Q8PX78
MM_1343,Q8PX79
MM_1342,Q8PX80
MM_1341,Q8PX81
MM_1340,Q8PX82
MM_1339,Q8PX83
MM_1338,Q8PX84
MM_1337,Q8PX85
MM_1336,Q8PX86
MM_1335,Q8PX87
MM_1334,Q8PX88
MM_1333,Q8PX89
MM_1332,Q8PX90
MM_1331,Q8PX91
cheW:MM_1330,Q8PX92
MM_1329,Q8PX93
MM_1328,Q8PX94
cheY:MM_1327,Q8PX95
MM_1324,Q8PX98
cheC:MM_1323,Q8PX99
MM_1320,Q8PXA2
MM_1319,Q8PXA3
MM_1316,Q8PXA6
MM_1315,Q8PXA7
MM_1313,Q8PXA9
MM_1312,Q8PXB0
MM_1311,Q8PXB1
MM_1310,Q8PXB2
MM_1309,Q8PXB3
MM_1308,Q8PXB4
MM_1307,Q8PXB5
MM_1306,Q8PXB6
MM_1305,Q8PXB7
MM_1304,Q8PXB8
MM_1303,Q8PXB9
MM_1302,Q8PXC0
MM_1301,Q8PXC1
MM_1299,Q8PXC2
MM_1296,Q8PXC5
MM_1294,Q8PXC7
MM_1293,Q8PXC8
MM_1292,Q8PXC9
MM_1291,Q8PXD0
MM_1290,Q8PXD1
MM_1289,Q8PXD2
MM_1288,Q8PXD3
MM_1286,Q8PXD5
MM_1285,Q8PXD6
MM_1283,Q8PXD7
MM_1282,Q8PXD8
MM_1281,Q8PXD9
MM_1277,Q8PXE3
MM_1276,Q8PXE4
MM_1275,Q8PXE5
MM_1269,Q8PXF1
MM_1268,Q8PXF2
MM_1266,Q8PXF4
MM_1265,Q8PXF5
MM_1264,Q8PXF6
MM_1263,Q8PXF7
MM_1262,Q8PXF8
MM_1261,Q8PXF9
MM_1258,Q8PXG0
MM_1257,Q8PXG1
MM_1256,Q8PXG2
MM_1255,Q8PXG3
MM_1254,Q8PXG4
MM_1253,Q8PXG5
MM_1252,Q8PXG6
MM_1251,Q8PXG7
MM_1250,Q8PXG8
MM_1247,Q8PXH1
MM_1245,Q8PXH3
MM_1243,Q8PXH5
MM_1242,Q8PXH6
MM_1239,Q8PXH9
mmr:MM_1235,Q8PXI3
MM_1234,Q8PXI4
MM_1233,Q8PXI5
MM_1232,Q8PXI6
MM_1231,Q8PXI7
MM_1230,Q8PXI8
MM_1229,Q8PXI9
MM_1225,Q8PXJ3
MM_1224,Q8PXJ4
MM_1223,Q8PXJ5
mc1:MM_1221,Q8PXJ7
MM_1219,Q8PXJ9
MM_1216,Q8PXK2
MM_1215,Q8PXK3
MM_1214,Q8PXK4
MM_1211,Q8PXK7
MM_1210,Q8PXK8
MM_1209,Q8PXK9
MM_1208,Q8PXL0
MM_1207,Q8PXL1
MM_1206,Q8PXL2
MM_1205,Q8PXL3
MM_1204,Q8PXL4
MM_1203,Q8PXL5
MM_1199,Q8PXL9
MM_1197,Q8PXM0
MM_1196,Q8PXM1
MM_1195,Q8PXM2
MM_1194,Q8PXM3
MM_1193,Q8PXM4
MM_1191,Q8PXM5
MM_1190,Q8PXM6
MM_1189,Q8PXM7
MM_1188,Q8PXM8
MM_1187,Q8PXM9
MM_1186,Q8PXN0
MM_1185,Q8PXN1
MM_1184,Q8PXN2
MM_1183,Q8PXN3
MM_1182,Q8PXN4
MM_1181,Q8PXN5
MM_1180,Q8PXN6
MM_1179,Q8PXN7
MM_1178,Q8PXN8
MM_1177,Q8PXN9
MM_1176,Q8PXP0
MM_1175,Q8PXP1
MM_1174,Q8PXP2
MM_1173,Q8PXP3
MM_1171,Q8PXP5
MM_1170,Q8PXP6
MM_1168,Q8PXP8
MM_1167,Q8PXP9
MM_1165,Q8PXQ1
MM_1164,Q8PXQ2
MM_1163,Q8PXQ3
MM_1162,Q8PXQ4
MM_1161,Q8PXQ5
MM_1160,Q8PXQ6
MM_1158,Q8PXQ8
MM_1157,Q8PXQ9
MM_1156,Q8PXR0
MM_1155,Q8PXR1
MM_1153,Q8PXR3
MM_1152,Q8PXR4
MM_1151,Q8PXR5
MM_1150,Q8PXR6
MM_1149,Q8PXR7
MM_1148,Q8PXR8
MM_1147,Q8PXR9
MM_1146,Q8PXS0
MM_1145,Q8PXS1
MM_1144,Q8PXS2
MM_1143,Q8PXS3
MM_1142,Q8PXS4
MM_1141,Q8PXS5
MM_1140,Q8PXS6
MM_1139,Q8PXS7
MM_1138,Q8PXS8
MM_1137,Q8PXS9
MM_1136,Q8PXT0
MM_1135,Q8PXT1
MM_1134,Q8PXT2
MM_1131,Q8PXT5
MM_1130,Q8PXT6
MM_1129,Q8PXT7
MM_1128,Q8PXT8
MM_1127,Q8PXT9
MM_1126,Q8PXU0
MM_1125,Q8PXU1
MM_1124,Q8PXU2
MM_1123,Q8PXU3
MM_1122,Q8PXU4
MM_1121,Q8PXU5
MM_1120,Q8PXU6
MM_1119,Q8PXU7
MM_1118,Q8PXU8
MM_1117,Q8PXU9
MM_1116,Q8PXV0
MM_1115,Q8PXV1
MM_1113,Q8PXV3
MM_1112,Q8PXV4
MM_1110,Q8PXV6
MM_1109,Q8PXV7
MM_1106,Q8PXW0
MM_1105,Q8PXW1
MM_1104,Q8PXW2
MM_1103,Q8PXW3
MM_1102,Q8PXW4
MM_1100,Q8PXW6
MM_1099,Q8PXW7
MM_1098,Q8PXW8
MM_1097,Q8PXW9
MM_1096,Q8PXX0
MM_1095,Q8PXX1
MM_1094,Q8PXX2
MM_1093,Q8PXX3
MM_1092,Q8PXX4
MM_1091,Q8PXX5
MM_1090,Q8PXX6
MM_1089,Q8PXX7
MM_1088,Q8PXX8
MM_1087,Q8PXX9
MM_1086,Q8PXY0
MM_1084,Q8PXY2
MM_1083,Q8PXY3
MM_1082,Q8PXY4
MM_1081,Q8PXY5
MM_1080,Q8PXY6
MM_1079,Q8PXY7
MM_1078,Q8PXY8
MM_1077,Q8PXY9
MM_1076,Q8PXZ0
MM_1075,Q8PXZ1
mtaB:MM_1074,Q8PXZ2
mtaC:MM_1073,Q8PXZ3
MM_1072,Q8PXZ4
MM_1071,Q8PXZ5
MM_1069,Q8PXZ7
MM_1068,Q8PXZ8
MM_1067,Q8PXZ9
MM_1066,Q8PY00
MM_1065,Q8PY01
MM_1064,Q8PY02
MM_1063,Q8PY03
MM_1062,Q8PY04
MM_1061,Q8PY05
MM_1060,Q8PY06
MM_1059,Q8PY07
MM_1058,Q8PY08
MM_1057,Q8PY09
MM_1056,Q8PY10
mttC:MM_1055,Q8PY11
MM_1054,Q8PY12
MM_1053,Q8PY13
MM_1052,Q8PY14
mc1:MM_1051,Q8PY15
MM_1050,Q8PY16
MM_1049,Q8PY17
MM_1048,Q8PY18
MM_1047,Q8PY19
moeA:MM_1046,Q8PY20
MM_1042,Q8PY22
MM_1041,Q8PY23
MM_1040,Q8PY24
cbiQ:MM_1039,Q8PY25
MM_1036,Q8PY28
MM_1035,Q8PY29
MM_1034,Q8PY30
MM_1033,Q8PY31
MM_1032,Q8PY32
MM_1030,Q8PY34
MM_1029,Q8PY35
MM_1026,Q8PY38
MM_1024,Q8PY40
MM_1023,Q8PY41
MM_1022,Q8PY42
MM_1021,Q8PY43
MM_1019,Q8PY45
MM_1018,Q8PY46
MM_1017,Q8PY47
MM_1016,Q8PY48
MM_1015,Q8PY49
MM_1007,Q8PY57
MM_1005,Q8PY59
MM_1004,Q8PY60
MM_1003,Q8PY61
MM_1002,Q8PY62
MM_1001,Q8PY63
MM_0999,Q8PY65
MM_0998,Q8PY66
MM_0997,Q8PY67
MM_0996,Q8PY68
MM_0995,Q8PY69
MM_0994,Q8PY70
MM_0993,Q8PY71
MM_0992,Q8PY72
MM_0991,Q8PY73
MM_0989,Q8PY75
MM_0988,Q8PY76
MM_0987,Q8PY77
MM_0986,Q8PY78
MM_0985,Q8PY79
MM_0984,Q8PY80
MM_0983,Q8PY81
MM_0981,Q8PY82
MM_0978,Q8PY85
MM_0977,Q8PY86
MM_0976,Q8PY87
MM_0975,Q8PY88
MM_0974,Q8PY89
MM_0973,Q8PY90
MM_0972,Q8PY91
MM_0971,Q8PY92
MM_0970,Q8PY93
MM_0969,Q8PY94
MM_0968,Q8PY95
MM_0966,Q8PY97
MM_0965,Q8PY98
MM_0963,Q8PYA0
MM_0962,Q8PYA1
MM_0961,Q8PYA2
MM_0960,Q8PYA3
MM_0959,Q8PYA4
MM_0958,Q8PYA5
MM_0957,Q8PYA6
MM_0956,Q8PYA7
MM_0955,Q8PYA8
MM_0954,Q8PYA9
MM_0953,Q8PYB0
MM_0952,Q8PYB1
MM_0951,Q8PYB2
MM_0950,Q8PYB3
MM_0949,Q8PYB4
MM_0948,Q8PYB5
MM_0947,Q8PYB6
MM_0946,Q8PYB7
MM_0945,Q8PYB8
MM_0944,Q8PYB9
MM_0942,Q8PYC1
MM_0940,Q8PYC3
MM_0939,Q8PYC4
MM_0938,Q8PYC5
MM_0937,Q8PYC6
MM_0936,Q8PYC7
kefC:MM_0933,Q8PYD0
MM_0932,Q8PYD1
MM_0931,Q8PYD2
MM_0930,Q8PYD3
kefC:MM_0929,Q8PYD4
MM_0928,Q8PYD5
MM_0927,Q8PYD6
MM_0925,Q8PYD7
MM_0924,Q8PYD8
MM_0923,Q8PYD9
MM_0920,Q8PYE2
MM_0919,Q8PYE3
MM_0918,Q8PYE4
MM_0917,Q8PYE5
MM_0916,Q8PYE6
MM_0915,Q8PYE7
MM_0914,Q8PYE8
MM_0913,Q8PYE9
MM_0912,Q8PYF0
MM_0911,Q8PYF1
MM_0910,Q8PYF2
MM_0909,Q8PYF3
MM_0908,Q8PYF4
MM_0907,Q8PYF5
MM_0903,Q8PYF9
MM_0902,Q8PYG0
MM_0901,Q8PYG1
MM_0900,Q8PYG2
MM_0899,Q8PYG3
MM_0897,Q8PYG5
MM_0896,Q8PYG6
MM_0894,Q8PYG8
MM_0893,Q8PYG9
MM_0892,Q8PYH0
MM_0891,Q8PYH1
MM_0890,Q8PYH2
MM_0889,Q8PYH3
cbiQ:MM_0888,Q8PYH4
MM_0885,Q8PYH7
MM_0884,Q8PYH8
MM_0883,Q8PYH9
MM_0882,Q8PYI0
MM_0880,Q8PYI1
MM_0879,Q8PYI2
MM_0878,Q8PYI3
MM_0877,Q8PYI4
MM_0876,Q8PYI5
MM_0875,Q8PYI6
MM_0874,Q8PYI7
MM_0873,Q8PYI8
MM_0872,Q8PYI9
MM_0871,Q8PYJ0
MM_0870,Q8PYJ1
MM_0869,Q8PYJ2
MM_0868,Q8PYJ3
MM_0866,Q8PYJ5
MM_0864,Q8PYJ7
MM_0863,Q8PYJ8
MM_0862,Q8PYJ9
MM_0861,Q8PYK0
MM_0859,Q8PYK2
MM_0858,Q8PYK3
MM_0857,Q8PYK4
cdc48:MM_0854,Q8PYK7
MM_0853,Q8PYK8
MM_0851,Q8PYL0
MM_0850,Q8PYL1
MM_0849,Q8PYL2
MM_0848,Q8PYL3
MM_0847,Q8PYL4
MM_0846,Q8PYL5
MM_0845,Q8PYL6
MM_0844,Q8PYL7
MM_0843,Q8PYL8
MM_0841,Q8PYM0
MM_0840,Q8PYM1
MM_0839,Q8PYM2
MM_0838,Q8PYM3
MM_0837,Q8PYM4
MM_0836,Q8PYM5
MM_0835,Q8PYM6
MM_0834,Q8PYM7
MM_0833,Q8PYM8
MM_0832,Q8PYM9
MM_0831,Q8PYN0
MM_0830,Q8PYN1
MM_0827,Q8PYN4
MM_0825,Q8PYN6
MM_0824,Q8PYN7
MM_0823,Q8PYN8
MM_0822,Q8PYN9
MM_0820,Q8PYP1
MM_0816,Q8PYP5
MM_0813,Q8PYP7
MM_0812,Q8PYP8
MM_0811,Q8PYP9
MM_0804,Q8PYQ6
MM_0803,Q8PYQ7
MM_0800,Q8PYR0
MM_0799,Q8PYR1
MM_0797,Q8PYR3
MM_0796,Q8PYR4
MM_0795,Q8PYR5
MM_0794,Q8PYR6
MM_0793,Q8PYR7
MM_0792,Q8PYR8
MM_0791,Q8PYR9
MM_0790,Q8PYS0
MM_0788,Q8PYS2
MM_0787,Q8PYS3
MM_0786,Q8PYS4
MM_0776,Q8PYS6
MM_0775,Q8PYS7
MM_0774,Q8PYS8
MM_0773,Q8PYS9
MM_0772,Q8PYT0
MM_0770,Q8PYT1
MM_0769,Q8PYT2
MM_0768,Q8PYT3
MM_0767,Q8PYT4
MM_0766,Q8PYT5
MM_0765,Q8PYT6
MM_0764,Q8PYT7
MM_0763,Q8PYT8
MM_0762,Q8PYT9
MM_0761,Q8PYU0
MM_0760,Q8PYU1
nifB:MM_0759,Q8PYU2
MM_0758,Q8PYU3
nifB:MM_0757,Q8PYU4
MM_0756,Q8PYU5
MM_0754,Q8PYU7
MM_0752,Q8PYU9
MM_0751,Q8PYV0
MM_0750,Q8PYV1
MM_0749,Q8PYV2
MM_0748,Q8PYV3
MM_0746,Q8PYV5
MM_0745,Q8PYV6
MM_0744,Q8PYV7
MM_0743,Q8PYV8
MM_0742,Q8PYV9
MM_0741,Q8PYW0
MM_0738,Q8PYW1
MM_0737,Q8PYW2
MM_0736,Q8PYW3
MM_0735,Q8PYW4
MM_0734,Q8PYW5
MM_0733,Q8PYW6
MM_0731,Q8PYW8
MM_0730,Q8PYW9
MM_0729,Q8PYX0
MM_0728,Q8PYX1
modB:MM_0727,Q8PYX2
MM_0726,Q8PYX3
MM_0725,Q8PYX4
MM_0721,Q8PYX8
MM_0720,Q8PYX9
MM_0718,Q8PYY1
MM_0717,Q8PYY2
MM_0716,Q8PYY3
MM_0714,Q8PYY5
MM_0713,Q8PYY6
MM_0712,Q8PYY7
MM_0710,Q8PYY8
MM_0709,Q8PYY9
MM_0708,Q8PYZ0
MM_0706,Q8PYZ2
MM_0705,Q8PYZ3
MM_0704,Q8PYZ4
MM_0703,Q8PYZ5
MM_0702,Q8PYZ6
MM_0699,Q8PYZ9
MM_0698,Q8PZ00
MM_0696,Q8PZ02
MM_0695,Q8PZ03
MM_0693,Q8PZ05
MM_0691,Q8PZ07
MM_0690,Q8PZ08
MM_0687,Q8PZ10
MM_0683,Q8PZ12
MM_0682,Q8PZ13
MM_0681,Q8PZ14
MM_0680,Q8PZ15
MM_0679,Q8PZ16
MM_0678,Q8PZ17
MM_0677,Q8PZ18
MM_0676,Q8PZ19
MM_0675,Q8PZ20
MM_0673,Q8PZ22
MM_0672,Q8PZ23
MM_0667,Q8PZ27
MM_0665,Q8PZ29
MM_0664,Q8PZ30
MM_0663,Q8PZ31
MM_0662,Q8PZ32
MM_0657,Q8PZ37
MM_0656,Q8PZ38
MM_0655,Q8PZ39
MM_0654,Q8PZ40
MM_0653,Q8PZ41
MM_0652,Q8PZ42
MM_0651,Q8PZ43
MM_0650,Q8PZ44
MM_0649,Q8PZ45
MM_0648,Q8PZ46
MM_0644,Q8PZ50
MM_0642,Q8PZ52
MM_0641,Q8PZ53
MM_0640,Q8PZ54
MM_0638,Q8PZ56
MM_0637,Q8PZ57
MM_0636,Q8PZ58
MM_0635,Q8PZ59
MM_0634,Q8PZ60
MM_0633,Q8PZ61
MM_0632,Q8PZ62
MM_0631,Q8PZ63
MM_0630,Q8PZ64
MM_0629,Q8PZ65
MM_0624,Q8PZ70
MM_0623,Q8PZ71
MM_0622,Q8PZ72
MM_0621,Q8PZ73
MM_0620,Q8PZ74
MM_0619,Q8PZ75
MM_0617,Q8PZ77
MM_0616,Q8PZ78
MM_0615,Q8PZ79
MM_0614,Q8PZ80
MM_0613,Q8PZ81
MM_0611,Q8PZ83
MM_0610,Q8PZ84
MM_0609,Q8PZ85
MM_0608,Q8PZ86
MM_0607,Q8PZ87
MM_0606,Q8PZ88
MM_0605,Q8PZ89
MM_0604,Q8PZ90
MM_0601,Q8PZ93
MM_0595,Q8PZ99
MM_0593,Q8PZA1
MM_0592,Q8PZA2
MM_0591,Q8PZA3
MM_0589,Q8PZA5
MM_0588,Q8PZA6
MM_0587,Q8PZA7
MM_0586,Q8PZA8
MM_0585,Q8PZA9
MM_0584,Q8PZB0
MM_0583,Q8PZB1
MM_0582,Q8PZB2
MM_0581,Q8PZB3
MM_0580,Q8PZB4
MM_0579,Q8PZB5
pstS:MM_0578,Q8PZB6
pstB:MM_0577,Q8PZB7
MM_0575,Q8PZB9
MM_0574,Q8PZC0
MM_0573,Q8PZC1
MM_0572,Q8PZC2
MM_0571,Q8PZC3
MM_0570,Q8PZC4
MM_0569,Q8PZC5
MM_0568,Q8PZC6
MM_0567,Q8PZC7
MM_0566,Q8PZC8
MM_0565,Q8PZC9
MM_0564,Q8PZD0
MM_0563,Q8PZD1
MM_0562,Q8PZD2
MM_0560,Q8PZD4
MM_0556,Q8PZD8
MM_0555,Q8PZD9
MM_0554,Q8PZE0
MM_0553,Q8PZE1
MM_0552,Q8PZE2
MM_0551,Q8PZE3
MM_0550,Q8PZE4
MM_0549,Q8PZE5
MM_0548,Q8PZE6
MM_0547,Q8PZE7
MM_0546,Q8PZE8
MM_0545,Q8PZE9
MM_0544,Q8PZF0
MM_0543,Q8PZF1
MM_0542,Q8PZF2
MM_0541,Q8PZF3
MM_0540,Q8PZF4
MM_0539,Q8PZF5
MM_0538,Q8PZF6
MM_0537,Q8PZF7
MM_0536,Q8PZF8
MM_0535,Q8PZF9
MM_0534,Q8PZG0
MM_0533,Q8PZG1
MM_0532,Q8PZG2
MM_0531,Q8PZG3
MM_0530,Q8PZG4
MM_0529,Q8PZG5
MM_0528,Q8PZG6
MM_0527,Q8PZG7
MM_0526,Q8PZG8
MM_0525,Q8PZG9
MM_0524,Q8PZH0
MM_0523,Q8PZH1
MM_0521,Q8PZH2
MM_0520,Q8PZH3
MM_0519,Q8PZH4
MM_0518,Q8PZH5
MM_0516,Q8PZH7
MM_0515,Q8PZH8
nifH2:MM_0514,Q8PZH9
MM_0511,Q8PZI2
MM_0508,Q8PZI4
MM_0507,Q8PZI5
MM_0506,Q8PZI6
MM_0505,Q8PZI7
MM_0504,Q8PZI8
MM_0503,Q8PZI9
MM_0502,Q8PZJ0
MM_0501,Q8PZJ1
MM_0500,Q8PZJ2
MM_0499,Q8PZJ3
MM_0498,Q8PZJ4
MM_0497,Q8PZJ5
MM_0496,Q8PZJ6
MM_0494,Q8PZJ8
MM_0493,Q8PZJ9
MM_0492,Q8PZK0
MM_0491,Q8PZK1
MM_0490,Q8PZK2
MM_0489,Q8PZK3
MM_0488,Q8PZK4
MM_0487,Q8PZK5
MM_0484,Q8PZK8
MM_0483,Q8PZK9
MM_0482,Q8PZL0
MM_0481,Q8PZL1
MM_0480,Q8PZL2
MM_0479,Q8PZL3
MM_0478,Q8PZL4
MM_0477,Q8PZL5
MM_0475,Q8PZL7
MM_0472,Q8PZM0
MM_0471,Q8PZM1
MM_0470,Q8PZM2
MM_0467,Q8PZM5
MM_0466,Q8PZM6
cbiQ:MM_0463,Q8PZM9
MM_0461,Q8PZN1
MM_0460,Q8PZN2
MM_0459,Q8PZN3
MM_0455,Q8PZN7
MM_0454,Q8PZN8
MM_0453,Q8PZN9
MM_0452,Q8PZP0
MM_0451,Q8PZP1
MM_0450,Q8PZP2
MM_0449,Q8PZP3
MM_0448,Q8PZP4
MM_0447,Q8PZP5
MM_0443,Q8PZP9
MM_0440,Q8PZQ2
MM_0439,Q8PZQ3
MM_0438,Q8PZQ4
MM_0437,Q8PZQ5
MM_0436,Q8PZQ6
MM_0435,Q8PZQ7
MM_0434,Q8PZQ8
MM_0433,Q8PZQ9
MM_0432,Q8PZR0
MM_0430,Q8PZR2
MM_0428,Q8PZR4
MM_0427,Q8PZR5
MM_0426,Q8PZR6
MM_0423,Q8PZR9
MM_0422,Q8PZS0
MM_0421,Q8PZS1
MM_0420,Q8PZS2
MM_0419,Q8PZS3
MM_0417,Q8PZS5
MM_0416,Q8PZS6
MM_0415,Q8PZS7
MM_0414,Q8PZS8
MM_0413,Q8PZS9
MM_0412,Q8PZT0
MM_0411,Q8PZT1
MM_0410,Q8PZT2
MM_0408,Q8PZT4
MM_0407,Q8PZT5
MM_0406,Q8PZT6
MM_0405,Q8PZT7
MM_0404,Q8PZT8
MM_0403,Q8PZT9
MM_0402,Q8PZU0
MM_0401,Q8PZU1
MM_0400,Q8PZU2
MM_0399,Q8PZU3
MM_0398,Q8PZU4
MM_0395,Q8PZU5
MM_0394,Q8PZU6
MM_0392,Q8PZU7
MM_0391,Q8PZU8
MM_0390,Q8PZU9
MM_0389,Q8PZV0
MM_0388,Q8PZV1
MM_0386,Q8PZV3
MM_0385,Q8PZV4
MM_0384,Q8PZV5
MM_0383,Q8PZV6
MM_0382,Q8PZV7
MM_0381,Q8PZV8
MM_0380,Q8PZV9
MM_0379,Q8PZW0
MM_0378,Q8PZW1
MM_0377,Q8PZW2
MM_0376,Q8PZW3
MM_0375,Q8PZW4
MM_0374,Q8PZW5
MM_0373,Q8PZW6
MM_0372,Q8PZW7
MM_0371,Q8PZW8
MM_0370,Q8PZW9
MM_0369,Q8PZX0
MM_0368,Q8PZX1
MM_0367,Q8PZX2
MM_0366,Q8PZX3
MM_0365,Q8PZX4
MM_0364,Q8PZX5
MM_0363,Q8PZX6
MM_0362,Q8PZX7
MM_0361,Q8PZX8
MM_0360,Q8PZX9
MM_0359,Q8PZY0
MM_0358,Q8PZY1
MM_0356,Q8PZY3
MM_0354,Q8PZY4
MM_0353,Q8PZY5
MM_0352,Q8PZY6
MM_0351,Q8PZY7
MM_0350,Q8PZY8
MM_0349,Q8PZY9
MM_0348,Q8PZZ0
MM_0347,Q8PZZ1
MM_0346,Q8PZZ2
MM_0345,Q8PZZ3
MM_0344,Q8PZZ4
MM_0343,Q8PZZ5
MM_0342,Q8PZZ6
MM_0339,Q8PZZ9
MM_0338,Q8Q000
MM_0336,Q8Q002
MM_0334,Q8Q004
MM_0333,Q8Q005
cheW:MM_0332,Q8Q006
MM_0331,Q8Q007
cheY:MM_0330,Q8Q008
cheC:MM_0327,Q8Q011
cheR:MM_0325,Q8Q013
MM_0324,Q8Q014
MM_0321,Q8Q017
MM_0320,Q8Q018
MM_0319,Q8Q019
MM_0318,Q8Q020
MM_0317,Q8Q021
MM_0316,Q8Q022
MM_0315,Q8Q023
MM_0313,Q8Q025
MM_0312,Q8Q026
MM_0311,Q8Q027
MM_0310,Q8Q028
MM_0309,Q8Q029
MM_0308,Q8Q030
MM_0307,Q8Q031
MM_0305,Q8Q033
MM_0304,Q8Q034
MM_0303,Q8Q035
MM_0298,Q8Q040
MM_0297,Q8Q041
MM_0296,Q8Q042
MM_0295,Q8Q043
MM_0294,Q8Q044
MM_0293,Q8Q045
MM_0292,Q8Q046
MM_0291,Q8Q047
MM_0290,Q8Q048
MM_0289,Q8Q049
MM_0288,Q8Q050
MM_0285,Q8Q052
MM_0284,Q8Q053
MM_0281,Q8Q056
MM_0280,Q8Q057
MM_0279,Q8Q058
MM_0278,Q8Q059
MM_0277,Q8Q060
MM_0276,Q8Q061
MM_0275,Q8Q062
MM_0274,Q8Q063
MM_0273,Q8Q064
MM_0272,Q8Q065
MM_0271,Q8Q066
MM_0270,Q8Q067
MM_0269,Q8Q068
MM_0268,Q8Q069
MM_0267,Q8Q070
MM_0266,Q8Q071
MM_0265,Q8Q072
MM_0264,Q8Q073
MM_0263,Q8Q074
MM_0262,Q8Q075
MM_0261,Q8Q076
MM_0260,Q8Q077
MM_0258,Q8Q079
MM_0257,Q8Q080
MM_0252,Q8Q085
MM_0251,Q8Q086
MM_0250,Q8Q087
MM_0249,Q8Q088
MM_0248,Q8Q089
MM_0247,Q8Q090
MM_0246,Q8Q091
MM_0243,Q8Q094
MM_0241,Q8Q096
MM_0240,Q8Q097
MM_0239,Q8Q098
MM_0238,Q8Q099
MM_0237,Q8Q0A0
MM_0236,Q8Q0A1
MM_0235,Q8Q0A2
MM_0234,Q8Q0A3
MM_0232,Q8Q0A5
MM_0231,Q8Q0A6
MM_0230,Q8Q0A7
MM_0229,Q8Q0A8
MM_0228,Q8Q0A9
MM_0227,Q8Q0B0
MM_0226,Q8Q0B1
MM_0225,Q8Q0B2
MM_0224,Q8Q0B3
MM_0223,Q8Q0B4
MM_0221,Q8Q0B6
MM_0220,Q8Q0B7
MM_0219,Q8Q0B8
MM_0218,Q8Q0B9
MM_0217,Q8Q0C0
MM_0216,Q8Q0C1
MM_0215,Q8Q0C2
MM_0214,Q8Q0C3
recJ:MM_0213,Q8Q0C4
MM_0212,Q8Q0C5
MM_0211,Q8Q0C6
MM_0210,Q8Q0C7
MM_0209,Q8Q0C8
MM_0208,Q8Q0C9
MM_0207,Q8Q0D0
MM_0206,Q8Q0D1
MM_0205,Q8Q0D2
MM_0204,Q8Q0D3
MM_0203,Q8Q0D4
MM_0202,Q8Q0D5
MM_0200,Q8Q0D7
MM_0199,Q8Q0D8
MM_0198,Q8Q0D9
MM_0197,Q8Q0E0
MM_0196,Q8Q0E1
MM_0195,Q8Q0E2
MM_0194,Q8Q0E3
MM_0193,Q8Q0E4
MM_0192,Q8Q0E5
MM_0189,Q8Q0E7
MM_0188,Q8Q0E8
MM_0187,Q8Q0E9
MM_0186,Q8Q0F0
MM_0185,Q8Q0F1
MM_0181,Q8Q0F5
MM_0180,Q8Q0F6
MM_0179,Q8Q0F7
MM_0178,Q8Q0F8
MM_0177,Q8Q0F9
mtaA:MM_0176,Q8Q0G0
mtaB:MM_0175,Q8Q0G1
mtaC:MM_0174,Q8Q0G2
MM_0172,Q8Q0G4
MM_0171,Q8Q0G5
MM_0170,Q8Q0G6
MM_0169,Q8Q0G7
MM_0168,Q8Q0G8
czcD:MM_0167,Q8Q0G9
MM_0166,Q8Q0H0
MM_0165,Q8Q0H1
MM_0164,Q8Q0H2
rad2:MM_0163,Q8Q0H3
MM_0162,Q8Q0H4
MM_0161,Q8Q0H5
MM_0160,Q8Q0H6
MM_0159,Q8Q0H7
MM_0158,Q8Q0H8
MM_0157,Q8Q0H9
MM_0156,Q8Q0I0
MM_0155,Q8Q0I1
MM_0154,Q8Q0I2
MM_0153,Q8Q0I3
MM_0152,Q8Q0I4
MM_0151,Q8Q0I5
MM_0150,Q8Q0I6
MM_0149,Q8Q0I7
MM_0148,Q8Q0I8
MM_0147,Q8Q0I9
MM_0146,Q8Q0J0
MM_0143,Q8Q0J3
MM_0140,Q8Q0J6
cycK:MM_0139,Q8Q0J7
MM_0138,Q8Q0J8
MM_0137,Q8Q0J9
MM_0136,Q8Q0K0
MM_0135,Q8Q0K1
MM_0134,Q8Q0K2
MM_0132,Q8Q0K4
MM_0131,Q8Q0K5
MM_0130,Q8Q0K6
MM_0129,Q8Q0K7
MM_0127,Q8Q0K9
MM_0126,Q8Q0L0
MM_0125,Q8Q0L1
MM_0124,Q8Q0L2
MM_0123,Q8Q0L3
MM_0122,Q8Q0L4
MM_0120,Q8Q0L6
MM_0119,Q8Q0L7
MM_0117,Q8Q0L9
MM_0116,Q8Q0M0
MM_0115,Q8Q0M1
MM_0113,Q8Q0M3
MM_0110,Q8Q0M6
MM_0108,Q8Q0M8
MM_0107,Q8Q0M9
MM_0106,Q8Q0N0
MM_0105,Q8Q0N1
MM_0104,Q8Q0N2
MM_0103,Q8Q0N3
MM_0102,Q8Q0N4
MM_0101,Q8Q0N5
MM_0100,Q8Q0N6
MM_0099,Q8Q0N7
MM_0098,Q8Q0N8
MM_0096,Q8Q0P0
MM_0095,Q8Q0P1
MM_0094,Q8Q0P2
MM_0092,Q8Q0P4
MM_0091,Q8Q0P5
MM_0090,Q8Q0P6
MM_0089,Q8Q0P7
MM_0088,Q8Q0P8
MM_0085,Q8Q0Q1
MM_0084,Q8Q0Q2
MM_0083,Q8Q0Q3
MM_0082,Q8Q0Q4
MM_0081,Q8Q0Q5
MM_0080,Q8Q0Q6
MM_0079,Q8Q0Q7
MM_0078,Q8Q0Q8
MM_0077,Q8Q0Q9
MM_0076,Q8Q0R0
MM_0075,Q8Q0R1
MM_0072,Q8Q0R4
MM_0071,Q8Q0R5
MM_0070,Q8Q0R6
MM_0069,Q8Q0R7
MM_0068,Q8Q0R8
MM_0067,Q8Q0R9
MM_0066,Q8Q0S0
MM_0065,Q8Q0S1
MM_0064,Q8Q0S2
MM_0063,Q8Q0S3
MM_0062,Q8Q0S4
MM_0061,Q8Q0S5
MM_0060,Q8Q0S6
MM_0058,Q8Q0S8
MM_0055,Q8Q0T1
MM_0054,Q8Q0T2
MM_0053,Q8Q0T3
MM_0051,Q8Q0T4
MM_0049,Q8Q0T6
MM_0048,Q8Q0T7
MM_0047,Q8Q0T8
MM_0046,Q8Q0T9
MM_0045,Q8Q0U0
MM_0044,Q8Q0U1
MM_0043,Q8Q0U2
otaB:MM_0041,Q8Q0U3
MM_0036,Q8Q0U6
MM_0035,Q8Q0U7
MM_0034,Q8Q0U8
MM_0033,Q8Q0U9
MM_0032,Q8Q0V0
MM_0030,Q8Q0V1
MM_0029,Q8Q0V2
MM_0027,Q8Q0V4
MM_0026,Q8Q0V5
MM_0025,Q8Q0V6
MM_0024,Q8Q0V7
MM_0023,Q8Q0V8
MM_0021,Q8Q0V9
MM_0020,Q8Q0W0
MM_0019,Q8Q0W1
MM_0018,Q8Q0W2
ubiE:MM_0017,Q8Q0W3
eif1a:MM_0016,Q8Q0W4
MM_0015,Q8Q0W5
MM_0014,Q8Q0W6
MM_0013,Q8Q0W7
MM_0012,Q8Q0W8
MM_0011,Q8Q0W9
MM_0010,Q8Q0X0
MM_0009,Q8Q0X1
MM_0008,Q8Q0X2
dppF:MM_0007,Q8Q0X3
dppD:MM_0006,Q8Q0X4
dppC:MM_0005,Q8Q0X5
dppB:MM_0004,Q8Q0X6
MM_0003,Q8Q0X7
MM_0002,Q8Q0X8
MM_0001,Q8Q0X9
